[
  {
    "name": "Process Start",
    "start": 1649570204725,
    "end": 1649570205908,
    "duration": 1183,
    "pid": 9752,
    "index": 0
  },
  {
    "name": "Application Start",
    "start": 1649570205909,
    "end": 1649570206658,
    "duration": 749,
    "pid": 9752,
    "index": 1
  },
  {
    "name": "Load Plugin",
    "start": 1649570205913,
    "end": 1649570205936,
    "duration": 23,
    "pid": 9752,
    "index": 2
  },
  {
    "name": "Load Config",
    "start": 1649570205936,
    "end": 1649570205971,
    "duration": 35,
    "pid": 9752,
    "index": 3
  },
  {
    "name": "Require(0) config/config.default.js",
    "start": 1649570205936,
    "end": 1649570205943,
    "duration": 7,
    "pid": 9752,
    "index": 4
  },
  {
    "name": "Require(1) node_modules/egg-session/config/config.default.js",
    "start": 1649570205944,
    "end": 1649570205945,
    "duration": 1,
    "pid": 9752,
    "index": 5
  },
  {
    "name": "Require(2) node_modules/egg-security/config/config.default.js",
    "start": 1649570205945,
    "end": 1649570205946,
    "duration": 1,
    "pid": 9752,
    "index": 6
  },
  {
    "name": "Require(3) node_modules/egg-jsonp/config/config.default.js",
    "start": 1649570205947,
    "end": 1649570205947,
    "duration": 0,
    "pid": 9752,
    "index": 7
  },
  {
    "name": "Require(4) node_modules/egg-onerror/config/config.default.js",
    "start": 1649570205948,
    "end": 1649570205948,
    "duration": 0,
    "pid": 9752,
    "index": 8
  },
  {
    "name": "Require(5) node_modules/egg-i18n/config/config.default.js",
    "start": 1649570205949,
    "end": 1649570205949,
    "duration": 0,
    "pid": 9752,
    "index": 9
  },
  {
    "name": "Require(6) node_modules/egg-watcher/config/config.default.js",
    "start": 1649570205950,
    "end": 1649570205951,
    "duration": 1,
    "pid": 9752,
    "index": 10
  },
  {
    "name": "Require(7) node_modules/egg-schedule/config/config.default.js",
    "start": 1649570205951,
    "end": 1649570205952,
    "duration": 1,
    "pid": 9752,
    "index": 11
  },
  {
    "name": "Require(8) node_modules/egg-multipart/config/config.default.js",
    "start": 1649570205953,
    "end": 1649570205953,
    "duration": 0,
    "pid": 9752,
    "index": 12
  },
  {
    "name": "Require(9) node_modules/egg-development/config/config.default.js",
    "start": 1649570205954,
    "end": 1649570205954,
    "duration": 0,
    "pid": 9752,
    "index": 13
  },
  {
    "name": "Require(10) node_modules/egg-logrotator/config/config.default.js",
    "start": 1649570205955,
    "end": 1649570205955,
    "duration": 0,
    "pid": 9752,
    "index": 14
  },
  {
    "name": "Require(11) node_modules/egg-static/config/config.default.js",
    "start": 1649570205956,
    "end": 1649570205957,
    "duration": 1,
    "pid": 9752,
    "index": 15
  },
  {
    "name": "Require(12) node_modules/egg-view/config/config.default.js",
    "start": 1649570205957,
    "end": 1649570205958,
    "duration": 1,
    "pid": 9752,
    "index": 16
  },
  {
    "name": "Require(13) node_modules/egg-cors/config/config.default.js",
    "start": 1649570205958,
    "end": 1649570205959,
    "duration": 1,
    "pid": 9752,
    "index": 17
  },
  {
    "name": "Require(14) node_modules/egg-mysql/config/config.default.js",
    "start": 1649570205959,
    "end": 1649570205960,
    "duration": 1,
    "pid": 9752,
    "index": 18
  },
  {
    "name": "Require(15) node_modules/egg-view-nunjucks/config/config.default.js",
    "start": 1649570205961,
    "end": 1649570205961,
    "duration": 0,
    "pid": 9752,
    "index": 19
  },
  {
    "name": "Require(16) node_modules/egg-jwt/config/config.default.js",
    "start": 1649570205962,
    "end": 1649570205963,
    "duration": 1,
    "pid": 9752,
    "index": 20
  },
  {
    "name": "Require(17) node_modules/egg/config/config.default.js",
    "start": 1649570205964,
    "end": 1649570205964,
    "duration": 0,
    "pid": 9752,
    "index": 21
  },
  {
    "name": "Require(18) config/config.default.js",
    "start": 1649570205965,
    "end": 1649570205965,
    "duration": 0,
    "pid": 9752,
    "index": 22
  },
  {
    "name": "Require(19) node_modules/egg-security/config/config.local.js",
    "start": 1649570205966,
    "end": 1649570205966,
    "duration": 0,
    "pid": 9752,
    "index": 23
  },
  {
    "name": "Require(20) node_modules/egg-watcher/config/config.local.js",
    "start": 1649570205967,
    "end": 1649570205967,
    "duration": 0,
    "pid": 9752,
    "index": 24
  },
  {
    "name": "Require(21) node_modules/egg-view/config/config.local.js",
    "start": 1649570205969,
    "end": 1649570205969,
    "duration": 0,
    "pid": 9752,
    "index": 25
  },
  {
    "name": "Require(22) node_modules/egg-view-nunjucks/config/config.local.js",
    "start": 1649570205970,
    "end": 1649570205970,
    "duration": 0,
    "pid": 9752,
    "index": 26
  },
  {
    "name": "Require(23) node_modules/egg/config/config.local.js",
    "start": 1649570205971,
    "end": 1649570205971,
    "duration": 0,
    "pid": 9752,
    "index": 27
  },
  {
    "name": "Load extend/application.js",
    "start": 1649570205972,
    "end": 1649570206059,
    "duration": 87,
    "pid": 9752,
    "index": 28
  },
  {
    "name": "Require(24) node_modules/egg-session/app/extend/application.js",
    "start": 1649570205973,
    "end": 1649570205973,
    "duration": 0,
    "pid": 9752,
    "index": 29
  },
  {
    "name": "Require(25) node_modules/egg-security/app/extend/application.js",
    "start": 1649570205974,
    "end": 1649570205976,
    "duration": 2,
    "pid": 9752,
    "index": 30
  },
  {
    "name": "Require(26) node_modules/egg-jsonp/app/extend/application.js",
    "start": 1649570205976,
    "end": 1649570205978,
    "duration": 2,
    "pid": 9752,
    "index": 31
  },
  {
    "name": "Require(27) node_modules/egg-logrotator/app/extend/application.js",
    "start": 1649570205980,
    "end": 1649570205982,
    "duration": 2,
    "pid": 9752,
    "index": 32
  },
  {
    "name": "Require(28) node_modules/egg-view/app/extend/application.js",
    "start": 1649570205983,
    "end": 1649570205985,
    "duration": 2,
    "pid": 9752,
    "index": 33
  },
  {
    "name": "Require(29) node_modules/egg-view-nunjucks/app/extend/application.js",
    "start": 1649570205986,
    "end": 1649570206016,
    "duration": 30,
    "pid": 9752,
    "index": 34
  },
  {
    "name": "Require(30) node_modules/egg-jwt/app/extend/application.js",
    "start": 1649570206017,
    "end": 1649570206055,
    "duration": 38,
    "pid": 9752,
    "index": 35
  },
  {
    "name": "Load extend/request.js",
    "start": 1649570206059,
    "end": 1649570206067,
    "duration": 8,
    "pid": 9752,
    "index": 36
  },
  {
    "name": "Require(31) node_modules/egg/app/extend/request.js",
    "start": 1649570206062,
    "end": 1649570206063,
    "duration": 1,
    "pid": 9752,
    "index": 37
  },
  {
    "name": "Load extend/response.js",
    "start": 1649570206067,
    "end": 1649570206077,
    "duration": 10,
    "pid": 9752,
    "index": 38
  },
  {
    "name": "Require(32) node_modules/egg/app/extend/response.js",
    "start": 1649570206070,
    "end": 1649570206072,
    "duration": 2,
    "pid": 9752,
    "index": 39
  },
  {
    "name": "Load extend/context.js",
    "start": 1649570206077,
    "end": 1649570206142,
    "duration": 65,
    "pid": 9752,
    "index": 40
  },
  {
    "name": "Require(33) node_modules/egg-security/app/extend/context.js",
    "start": 1649570206077,
    "end": 1649570206087,
    "duration": 10,
    "pid": 9752,
    "index": 41
  },
  {
    "name": "Require(34) node_modules/egg-jsonp/app/extend/context.js",
    "start": 1649570206087,
    "end": 1649570206088,
    "duration": 1,
    "pid": 9752,
    "index": 42
  },
  {
    "name": "Require(35) node_modules/egg-i18n/app/extend/context.js",
    "start": 1649570206089,
    "end": 1649570206089,
    "duration": 0,
    "pid": 9752,
    "index": 43
  },
  {
    "name": "Require(36) node_modules/egg-multipart/app/extend/context.js",
    "start": 1649570206090,
    "end": 1649570206135,
    "duration": 45,
    "pid": 9752,
    "index": 44
  },
  {
    "name": "Require(37) node_modules/egg-view/app/extend/context.js",
    "start": 1649570206136,
    "end": 1649570206137,
    "duration": 1,
    "pid": 9752,
    "index": 45
  },
  {
    "name": "Require(38) node_modules/egg/app/extend/context.js",
    "start": 1649570206138,
    "end": 1649570206139,
    "duration": 1,
    "pid": 9752,
    "index": 46
  },
  {
    "name": "Load extend/helper.js",
    "start": 1649570206142,
    "end": 1649570206167,
    "duration": 25,
    "pid": 9752,
    "index": 47
  },
  {
    "name": "Require(39) node_modules/egg-security/app/extend/helper.js",
    "start": 1649570206143,
    "end": 1649570206159,
    "duration": 16,
    "pid": 9752,
    "index": 48
  },
  {
    "name": "Require(40) node_modules/egg/app/extend/helper.js",
    "start": 1649570206162,
    "end": 1649570206162,
    "duration": 0,
    "pid": 9752,
    "index": 49
  },
  {
    "name": "Require(41) app/extend/helper.js",
    "start": 1649570206163,
    "end": 1649570206163,
    "duration": 0,
    "pid": 9752,
    "index": 50
  },
  {
    "name": "Load app.js",
    "start": 1649570206167,
    "end": 1649570206222,
    "duration": 55,
    "pid": 9752,
    "index": 51
  },
  {
    "name": "Require(42) node_modules/egg-session/app.js",
    "start": 1649570206167,
    "end": 1649570206167,
    "duration": 0,
    "pid": 9752,
    "index": 52
  },
  {
    "name": "Require(43) node_modules/egg-security/app.js",
    "start": 1649570206168,
    "end": 1649570206169,
    "duration": 1,
    "pid": 9752,
    "index": 53
  },
  {
    "name": "Require(44) node_modules/egg-onerror/app.js",
    "start": 1649570206170,
    "end": 1649570206176,
    "duration": 6,
    "pid": 9752,
    "index": 54
  },
  {
    "name": "Require(45) node_modules/egg-i18n/app.js",
    "start": 1649570206177,
    "end": 1649570206191,
    "duration": 14,
    "pid": 9752,
    "index": 55
  },
  {
    "name": "Require(46) node_modules/egg-watcher/app.js",
    "start": 1649570206191,
    "end": 1649570206195,
    "duration": 4,
    "pid": 9752,
    "index": 56
  },
  {
    "name": "Require(47) node_modules/egg-schedule/app.js",
    "start": 1649570206195,
    "end": 1649570206197,
    "duration": 2,
    "pid": 9752,
    "index": 57
  },
  {
    "name": "Require(48) node_modules/egg-multipart/app.js",
    "start": 1649570206197,
    "end": 1649570206197,
    "duration": 0,
    "pid": 9752,
    "index": 58
  },
  {
    "name": "Require(49) node_modules/egg-development/app.js",
    "start": 1649570206198,
    "end": 1649570206198,
    "duration": 0,
    "pid": 9752,
    "index": 59
  },
  {
    "name": "Require(50) node_modules/egg-logrotator/app.js",
    "start": 1649570206198,
    "end": 1649570206199,
    "duration": 1,
    "pid": 9752,
    "index": 60
  },
  {
    "name": "Require(51) node_modules/egg-static/app.js",
    "start": 1649570206199,
    "end": 1649570206199,
    "duration": 0,
    "pid": 9752,
    "index": 61
  },
  {
    "name": "Require(52) node_modules/egg-cors/app.js",
    "start": 1649570206200,
    "end": 1649570206200,
    "duration": 0,
    "pid": 9752,
    "index": 62
  },
  {
    "name": "Require(53) node_modules/egg-mysql/app.js",
    "start": 1649570206201,
    "end": 1649570206219,
    "duration": 18,
    "pid": 9752,
    "index": 63
  },
  {
    "name": "Require(54) node_modules/egg-view-nunjucks/app.js",
    "start": 1649570206220,
    "end": 1649570206220,
    "duration": 0,
    "pid": 9752,
    "index": 64
  },
  {
    "name": "Require(55) node_modules/egg-jwt/app.js",
    "start": 1649570206220,
    "end": 1649570206220,
    "duration": 0,
    "pid": 9752,
    "index": 65
  },
  {
    "name": "Before Start in node_modules/egg-watcher/lib/init.js:15:14",
    "start": 1649570206229,
    "end": 1649570206530,
    "duration": 301,
    "pid": 9752,
    "index": 66
  },
  {
    "name": "Before Start in node_modules/egg-mysql/lib/mysql.js:20:7",
    "start": 1649570206311,
    "end": 1649570206657,
    "duration": 346,
    "pid": 9752,
    "index": 67
  },
  {
    "name": "Load Service",
    "start": 1649570206313,
    "end": 1649570206320,
    "duration": 7,
    "pid": 9752,
    "index": 68
  },
  {
    "name": "Load \"service\" to Context",
    "start": 1649570206313,
    "end": 1649570206320,
    "duration": 7,
    "pid": 9752,
    "index": 69
  },
  {
    "name": "Load Middleware",
    "start": 1649570206320,
    "end": 1649570206462,
    "duration": 142,
    "pid": 9752,
    "index": 70
  },
  {
    "name": "Load \"middlewares\" to Application",
    "start": 1649570206320,
    "end": 1649570206447,
    "duration": 127,
    "pid": 9752,
    "index": 71
  },
  {
    "name": "Load Controller",
    "start": 1649570206462,
    "end": 1649570206510,
    "duration": 48,
    "pid": 9752,
    "index": 72
  },
  {
    "name": "Load \"controller\" to Application",
    "start": 1649570206462,
    "end": 1649570206510,
    "duration": 48,
    "pid": 9752,
    "index": 73
  },
  {
    "name": "Load Router",
    "start": 1649570206510,
    "end": 1649570206513,
    "duration": 3,
    "pid": 9752,
    "index": 74
  },
  {
    "name": "Require(56) app/router.js",
    "start": 1649570206511,
    "end": 1649570206511,
    "duration": 0,
    "pid": 9752,
    "index": 75
  },
  {
    "name": "Before Start in node_modules/egg-core/lib/egg.js:303:10",
    "start": 1649570206511,
    "end": 1649570206523,
    "duration": 12,
    "pid": 9752,
    "index": 76
  }
]