[
  {
    "name": "Process Start",
    "start": 1649570236765,
    "end": 1649570238113,
    "duration": 1348,
    "pid": 6240,
    "index": 0
  },
  {
    "name": "Application Start",
    "start": 1649570238113,
    "end": 1649570238844,
    "duration": 731,
    "pid": 6240,
    "index": 1
  },
  {
    "name": "Load Plugin",
    "start": 1649570238118,
    "end": 1649570238142,
    "duration": 24,
    "pid": 6240,
    "index": 2
  },
  {
    "name": "Load Config",
    "start": 1649570238142,
    "end": 1649570238170,
    "duration": 28,
    "pid": 6240,
    "index": 3
  },
  {
    "name": "Require(0) config/config.default.js",
    "start": 1649570238143,
    "end": 1649570238143,
    "duration": 0,
    "pid": 6240,
    "index": 4
  },
  {
    "name": "Require(1) node_modules/egg-session/config/config.default.js",
    "start": 1649570238144,
    "end": 1649570238145,
    "duration": 1,
    "pid": 6240,
    "index": 5
  },
  {
    "name": "Require(2) node_modules/egg-security/config/config.default.js",
    "start": 1649570238145,
    "end": 1649570238146,
    "duration": 1,
    "pid": 6240,
    "index": 6
  },
  {
    "name": "Require(3) node_modules/egg-jsonp/config/config.default.js",
    "start": 1649570238146,
    "end": 1649570238147,
    "duration": 1,
    "pid": 6240,
    "index": 7
  },
  {
    "name": "Require(4) node_modules/egg-onerror/config/config.default.js",
    "start": 1649570238147,
    "end": 1649570238148,
    "duration": 1,
    "pid": 6240,
    "index": 8
  },
  {
    "name": "Require(5) node_modules/egg-i18n/config/config.default.js",
    "start": 1649570238148,
    "end": 1649570238149,
    "duration": 1,
    "pid": 6240,
    "index": 9
  },
  {
    "name": "Require(6) node_modules/egg-watcher/config/config.default.js",
    "start": 1649570238149,
    "end": 1649570238150,
    "duration": 1,
    "pid": 6240,
    "index": 10
  },
  {
    "name": "Require(7) node_modules/egg-schedule/config/config.default.js",
    "start": 1649570238150,
    "end": 1649570238151,
    "duration": 1,
    "pid": 6240,
    "index": 11
  },
  {
    "name": "Require(8) node_modules/egg-multipart/config/config.default.js",
    "start": 1649570238151,
    "end": 1649570238152,
    "duration": 1,
    "pid": 6240,
    "index": 12
  },
  {
    "name": "Require(9) node_modules/egg-development/config/config.default.js",
    "start": 1649570238153,
    "end": 1649570238153,
    "duration": 0,
    "pid": 6240,
    "index": 13
  },
  {
    "name": "Require(10) node_modules/egg-logrotator/config/config.default.js",
    "start": 1649570238154,
    "end": 1649570238154,
    "duration": 0,
    "pid": 6240,
    "index": 14
  },
  {
    "name": "Require(11) node_modules/egg-static/config/config.default.js",
    "start": 1649570238155,
    "end": 1649570238155,
    "duration": 0,
    "pid": 6240,
    "index": 15
  },
  {
    "name": "Require(12) node_modules/egg-view/config/config.default.js",
    "start": 1649570238156,
    "end": 1649570238156,
    "duration": 0,
    "pid": 6240,
    "index": 16
  },
  {
    "name": "Require(13) node_modules/egg-cors/config/config.default.js",
    "start": 1649570238157,
    "end": 1649570238157,
    "duration": 0,
    "pid": 6240,
    "index": 17
  },
  {
    "name": "Require(14) node_modules/egg-mysql/config/config.default.js",
    "start": 1649570238158,
    "end": 1649570238158,
    "duration": 0,
    "pid": 6240,
    "index": 18
  },
  {
    "name": "Require(15) node_modules/egg-view-nunjucks/config/config.default.js",
    "start": 1649570238159,
    "end": 1649570238159,
    "duration": 0,
    "pid": 6240,
    "index": 19
  },
  {
    "name": "Require(16) node_modules/egg-jwt/config/config.default.js",
    "start": 1649570238160,
    "end": 1649570238161,
    "duration": 1,
    "pid": 6240,
    "index": 20
  },
  {
    "name": "Require(17) node_modules/egg/config/config.default.js",
    "start": 1649570238162,
    "end": 1649570238162,
    "duration": 0,
    "pid": 6240,
    "index": 21
  },
  {
    "name": "Require(18) config/config.default.js",
    "start": 1649570238163,
    "end": 1649570238163,
    "duration": 0,
    "pid": 6240,
    "index": 22
  },
  {
    "name": "Require(19) node_modules/egg-security/config/config.local.js",
    "start": 1649570238164,
    "end": 1649570238164,
    "duration": 0,
    "pid": 6240,
    "index": 23
  },
  {
    "name": "Require(20) node_modules/egg-watcher/config/config.local.js",
    "start": 1649570238165,
    "end": 1649570238165,
    "duration": 0,
    "pid": 6240,
    "index": 24
  },
  {
    "name": "Require(21) node_modules/egg-view/config/config.local.js",
    "start": 1649570238167,
    "end": 1649570238167,
    "duration": 0,
    "pid": 6240,
    "index": 25
  },
  {
    "name": "Require(22) node_modules/egg-view-nunjucks/config/config.local.js",
    "start": 1649570238168,
    "end": 1649570238169,
    "duration": 1,
    "pid": 6240,
    "index": 26
  },
  {
    "name": "Require(23) node_modules/egg/config/config.local.js",
    "start": 1649570238169,
    "end": 1649570238170,
    "duration": 1,
    "pid": 6240,
    "index": 27
  },
  {
    "name": "Load extend/application.js",
    "start": 1649570238171,
    "end": 1649570238255,
    "duration": 84,
    "pid": 6240,
    "index": 28
  },
  {
    "name": "Require(24) node_modules/egg-session/app/extend/application.js",
    "start": 1649570238171,
    "end": 1649570238172,
    "duration": 1,
    "pid": 6240,
    "index": 29
  },
  {
    "name": "Require(25) node_modules/egg-security/app/extend/application.js",
    "start": 1649570238172,
    "end": 1649570238174,
    "duration": 2,
    "pid": 6240,
    "index": 30
  },
  {
    "name": "Require(26) node_modules/egg-jsonp/app/extend/application.js",
    "start": 1649570238174,
    "end": 1649570238176,
    "duration": 2,
    "pid": 6240,
    "index": 31
  },
  {
    "name": "Require(27) node_modules/egg-logrotator/app/extend/application.js",
    "start": 1649570238177,
    "end": 1649570238179,
    "duration": 2,
    "pid": 6240,
    "index": 32
  },
  {
    "name": "Require(28) node_modules/egg-view/app/extend/application.js",
    "start": 1649570238179,
    "end": 1649570238181,
    "duration": 2,
    "pid": 6240,
    "index": 33
  },
  {
    "name": "Require(29) node_modules/egg-view-nunjucks/app/extend/application.js",
    "start": 1649570238182,
    "end": 1649570238209,
    "duration": 27,
    "pid": 6240,
    "index": 34
  },
  {
    "name": "Require(30) node_modules/egg-jwt/app/extend/application.js",
    "start": 1649570238209,
    "end": 1649570238252,
    "duration": 43,
    "pid": 6240,
    "index": 35
  },
  {
    "name": "Load extend/request.js",
    "start": 1649570238255,
    "end": 1649570238263,
    "duration": 8,
    "pid": 6240,
    "index": 36
  },
  {
    "name": "Require(31) node_modules/egg/app/extend/request.js",
    "start": 1649570238259,
    "end": 1649570238260,
    "duration": 1,
    "pid": 6240,
    "index": 37
  },
  {
    "name": "Load extend/response.js",
    "start": 1649570238263,
    "end": 1649570238273,
    "duration": 10,
    "pid": 6240,
    "index": 38
  },
  {
    "name": "Require(32) node_modules/egg/app/extend/response.js",
    "start": 1649570238266,
    "end": 1649570238268,
    "duration": 2,
    "pid": 6240,
    "index": 39
  },
  {
    "name": "Load extend/context.js",
    "start": 1649570238273,
    "end": 1649570238340,
    "duration": 67,
    "pid": 6240,
    "index": 40
  },
  {
    "name": "Require(33) node_modules/egg-security/app/extend/context.js",
    "start": 1649570238274,
    "end": 1649570238284,
    "duration": 10,
    "pid": 6240,
    "index": 41
  },
  {
    "name": "Require(34) node_modules/egg-jsonp/app/extend/context.js",
    "start": 1649570238284,
    "end": 1649570238286,
    "duration": 2,
    "pid": 6240,
    "index": 42
  },
  {
    "name": "Require(35) node_modules/egg-i18n/app/extend/context.js",
    "start": 1649570238287,
    "end": 1649570238287,
    "duration": 0,
    "pid": 6240,
    "index": 43
  },
  {
    "name": "Require(36) node_modules/egg-multipart/app/extend/context.js",
    "start": 1649570238288,
    "end": 1649570238333,
    "duration": 45,
    "pid": 6240,
    "index": 44
  },
  {
    "name": "Require(37) node_modules/egg-view/app/extend/context.js",
    "start": 1649570238334,
    "end": 1649570238335,
    "duration": 1,
    "pid": 6240,
    "index": 45
  },
  {
    "name": "Require(38) node_modules/egg/app/extend/context.js",
    "start": 1649570238336,
    "end": 1649570238337,
    "duration": 1,
    "pid": 6240,
    "index": 46
  },
  {
    "name": "Load extend/helper.js",
    "start": 1649570238340,
    "end": 1649570238364,
    "duration": 24,
    "pid": 6240,
    "index": 47
  },
  {
    "name": "Require(39) node_modules/egg-security/app/extend/helper.js",
    "start": 1649570238341,
    "end": 1649570238357,
    "duration": 16,
    "pid": 6240,
    "index": 48
  },
  {
    "name": "Require(40) node_modules/egg/app/extend/helper.js",
    "start": 1649570238360,
    "end": 1649570238360,
    "duration": 0,
    "pid": 6240,
    "index": 49
  },
  {
    "name": "Require(41) app/extend/helper.js",
    "start": 1649570238361,
    "end": 1649570238361,
    "duration": 0,
    "pid": 6240,
    "index": 50
  },
  {
    "name": "Load app.js",
    "start": 1649570238365,
    "end": 1649570238419,
    "duration": 54,
    "pid": 6240,
    "index": 51
  },
  {
    "name": "Require(42) node_modules/egg-session/app.js",
    "start": 1649570238365,
    "end": 1649570238365,
    "duration": 0,
    "pid": 6240,
    "index": 52
  },
  {
    "name": "Require(43) node_modules/egg-security/app.js",
    "start": 1649570238366,
    "end": 1649570238367,
    "duration": 1,
    "pid": 6240,
    "index": 53
  },
  {
    "name": "Require(44) node_modules/egg-onerror/app.js",
    "start": 1649570238368,
    "end": 1649570238375,
    "duration": 7,
    "pid": 6240,
    "index": 54
  },
  {
    "name": "Require(45) node_modules/egg-i18n/app.js",
    "start": 1649570238375,
    "end": 1649570238389,
    "duration": 14,
    "pid": 6240,
    "index": 55
  },
  {
    "name": "Require(46) node_modules/egg-watcher/app.js",
    "start": 1649570238390,
    "end": 1649570238393,
    "duration": 3,
    "pid": 6240,
    "index": 56
  },
  {
    "name": "Require(47) node_modules/egg-schedule/app.js",
    "start": 1649570238393,
    "end": 1649570238395,
    "duration": 2,
    "pid": 6240,
    "index": 57
  },
  {
    "name": "Require(48) node_modules/egg-multipart/app.js",
    "start": 1649570238395,
    "end": 1649570238395,
    "duration": 0,
    "pid": 6240,
    "index": 58
  },
  {
    "name": "Require(49) node_modules/egg-development/app.js",
    "start": 1649570238396,
    "end": 1649570238396,
    "duration": 0,
    "pid": 6240,
    "index": 59
  },
  {
    "name": "Require(50) node_modules/egg-logrotator/app.js",
    "start": 1649570238396,
    "end": 1649570238397,
    "duration": 1,
    "pid": 6240,
    "index": 60
  },
  {
    "name": "Require(51) node_modules/egg-static/app.js",
    "start": 1649570238397,
    "end": 1649570238397,
    "duration": 0,
    "pid": 6240,
    "index": 61
  },
  {
    "name": "Require(52) node_modules/egg-cors/app.js",
    "start": 1649570238398,
    "end": 1649570238398,
    "duration": 0,
    "pid": 6240,
    "index": 62
  },
  {
    "name": "Require(53) node_modules/egg-mysql/app.js",
    "start": 1649570238399,
    "end": 1649570238417,
    "duration": 18,
    "pid": 6240,
    "index": 63
  },
  {
    "name": "Require(54) node_modules/egg-view-nunjucks/app.js",
    "start": 1649570238417,
    "end": 1649570238417,
    "duration": 0,
    "pid": 6240,
    "index": 64
  },
  {
    "name": "Require(55) node_modules/egg-jwt/app.js",
    "start": 1649570238418,
    "end": 1649570238418,
    "duration": 0,
    "pid": 6240,
    "index": 65
  },
  {
    "name": "Before Start in node_modules/egg-watcher/lib/init.js:15:14",
    "start": 1649570238426,
    "end": 1649570238693,
    "duration": 267,
    "pid": 6240,
    "index": 66
  },
  {
    "name": "Before Start in node_modules/egg-mysql/lib/mysql.js:20:7",
    "start": 1649570238506,
    "end": 1649570238843,
    "duration": 337,
    "pid": 6240,
    "index": 67
  },
  {
    "name": "Load Service",
    "start": 1649570238508,
    "end": 1649570238516,
    "duration": 8,
    "pid": 6240,
    "index": 68
  },
  {
    "name": "Load \"service\" to Context",
    "start": 1649570238508,
    "end": 1649570238516,
    "duration": 8,
    "pid": 6240,
    "index": 69
  },
  {
    "name": "Load Middleware",
    "start": 1649570238516,
    "end": 1649570238640,
    "duration": 124,
    "pid": 6240,
    "index": 70
  },
  {
    "name": "Load \"middlewares\" to Application",
    "start": 1649570238516,
    "end": 1649570238629,
    "duration": 113,
    "pid": 6240,
    "index": 71
  },
  {
    "name": "Load Controller",
    "start": 1649570238640,
    "end": 1649570238677,
    "duration": 37,
    "pid": 6240,
    "index": 72
  },
  {
    "name": "Load \"controller\" to Application",
    "start": 1649570238640,
    "end": 1649570238677,
    "duration": 37,
    "pid": 6240,
    "index": 73
  },
  {
    "name": "Load Router",
    "start": 1649570238677,
    "end": 1649570238680,
    "duration": 3,
    "pid": 6240,
    "index": 74
  },
  {
    "name": "Require(56) app/router.js",
    "start": 1649570238678,
    "end": 1649570238678,
    "duration": 0,
    "pid": 6240,
    "index": 75
  },
  {
    "name": "Before Start in node_modules/egg-core/lib/egg.js:303:10",
    "start": 1649570238678,
    "end": 1649570238688,
    "duration": 10,
    "pid": 6240,
    "index": 76
  }
]