[
  {
    "name": "Process Start",
    "start": 1649570114222,
    "end": 1649570115368,
    "duration": 1146,
    "pid": 19632,
    "index": 0
  },
  {
    "name": "Application Start",
    "start": 1649570115368,
    "end": 1649570117391,
    "duration": 2023,
    "pid": 19632,
    "index": 1
  },
  {
    "name": "Load Plugin",
    "start": 1649570115372,
    "end": 1649570115393,
    "duration": 21,
    "pid": 19632,
    "index": 2
  },
  {
    "name": "Load Config",
    "start": 1649570115393,
    "end": 1649570115421,
    "duration": 28,
    "pid": 19632,
    "index": 3
  },
  {
    "name": "Require(0) config/config.default.js",
    "start": 1649570115394,
    "end": 1649570115394,
    "duration": 0,
    "pid": 19632,
    "index": 4
  },
  {
    "name": "Require(1) node_modules/egg-session/config/config.default.js",
    "start": 1649570115395,
    "end": 1649570115396,
    "duration": 1,
    "pid": 19632,
    "index": 5
  },
  {
    "name": "Require(2) node_modules/egg-security/config/config.default.js",
    "start": 1649570115396,
    "end": 1649570115397,
    "duration": 1,
    "pid": 19632,
    "index": 6
  },
  {
    "name": "Require(3) node_modules/egg-jsonp/config/config.default.js",
    "start": 1649570115398,
    "end": 1649570115398,
    "duration": 0,
    "pid": 19632,
    "index": 7
  },
  {
    "name": "Require(4) node_modules/egg-onerror/config/config.default.js",
    "start": 1649570115399,
    "end": 1649570115399,
    "duration": 0,
    "pid": 19632,
    "index": 8
  },
  {
    "name": "Require(5) node_modules/egg-i18n/config/config.default.js",
    "start": 1649570115400,
    "end": 1649570115400,
    "duration": 0,
    "pid": 19632,
    "index": 9
  },
  {
    "name": "Require(6) node_modules/egg-watcher/config/config.default.js",
    "start": 1649570115401,
    "end": 1649570115401,
    "duration": 0,
    "pid": 19632,
    "index": 10
  },
  {
    "name": "Require(7) node_modules/egg-schedule/config/config.default.js",
    "start": 1649570115402,
    "end": 1649570115402,
    "duration": 0,
    "pid": 19632,
    "index": 11
  },
  {
    "name": "Require(8) node_modules/egg-multipart/config/config.default.js",
    "start": 1649570115403,
    "end": 1649570115403,
    "duration": 0,
    "pid": 19632,
    "index": 12
  },
  {
    "name": "Require(9) node_modules/egg-development/config/config.default.js",
    "start": 1649570115404,
    "end": 1649570115404,
    "duration": 0,
    "pid": 19632,
    "index": 13
  },
  {
    "name": "Require(10) node_modules/egg-logrotator/config/config.default.js",
    "start": 1649570115405,
    "end": 1649570115405,
    "duration": 0,
    "pid": 19632,
    "index": 14
  },
  {
    "name": "Require(11) node_modules/egg-static/config/config.default.js",
    "start": 1649570115406,
    "end": 1649570115406,
    "duration": 0,
    "pid": 19632,
    "index": 15
  },
  {
    "name": "Require(12) node_modules/egg-view/config/config.default.js",
    "start": 1649570115407,
    "end": 1649570115407,
    "duration": 0,
    "pid": 19632,
    "index": 16
  },
  {
    "name": "Require(13) node_modules/egg-cors/config/config.default.js",
    "start": 1649570115408,
    "end": 1649570115408,
    "duration": 0,
    "pid": 19632,
    "index": 17
  },
  {
    "name": "Require(14) node_modules/egg-mysql/config/config.default.js",
    "start": 1649570115409,
    "end": 1649570115409,
    "duration": 0,
    "pid": 19632,
    "index": 18
  },
  {
    "name": "Require(15) node_modules/egg-view-nunjucks/config/config.default.js",
    "start": 1649570115410,
    "end": 1649570115410,
    "duration": 0,
    "pid": 19632,
    "index": 19
  },
  {
    "name": "Require(16) node_modules/egg-jwt/config/config.default.js",
    "start": 1649570115411,
    "end": 1649570115412,
    "duration": 1,
    "pid": 19632,
    "index": 20
  },
  {
    "name": "Require(17) node_modules/egg/config/config.default.js",
    "start": 1649570115413,
    "end": 1649570115413,
    "duration": 0,
    "pid": 19632,
    "index": 21
  },
  {
    "name": "Require(18) config/config.default.js",
    "start": 1649570115414,
    "end": 1649570115414,
    "duration": 0,
    "pid": 19632,
    "index": 22
  },
  {
    "name": "Require(19) node_modules/egg-security/config/config.local.js",
    "start": 1649570115416,
    "end": 1649570115416,
    "duration": 0,
    "pid": 19632,
    "index": 23
  },
  {
    "name": "Require(20) node_modules/egg-watcher/config/config.local.js",
    "start": 1649570115417,
    "end": 1649570115417,
    "duration": 0,
    "pid": 19632,
    "index": 24
  },
  {
    "name": "Require(21) node_modules/egg-view/config/config.local.js",
    "start": 1649570115419,
    "end": 1649570115419,
    "duration": 0,
    "pid": 19632,
    "index": 25
  },
  {
    "name": "Require(22) node_modules/egg-view-nunjucks/config/config.local.js",
    "start": 1649570115420,
    "end": 1649570115420,
    "duration": 0,
    "pid": 19632,
    "index": 26
  },
  {
    "name": "Require(23) node_modules/egg/config/config.local.js",
    "start": 1649570115421,
    "end": 1649570115421,
    "duration": 0,
    "pid": 19632,
    "index": 27
  },
  {
    "name": "Load extend/application.js",
    "start": 1649570115422,
    "end": 1649570115910,
    "duration": 488,
    "pid": 19632,
    "index": 28
  },
  {
    "name": "Require(24) node_modules/egg-session/app/extend/application.js",
    "start": 1649570115423,
    "end": 1649570115427,
    "duration": 4,
    "pid": 19632,
    "index": 29
  },
  {
    "name": "Require(25) node_modules/egg-security/app/extend/application.js",
    "start": 1649570115428,
    "end": 1649570115436,
    "duration": 8,
    "pid": 19632,
    "index": 30
  },
  {
    "name": "Require(26) node_modules/egg-jsonp/app/extend/application.js",
    "start": 1649570115437,
    "end": 1649570115444,
    "duration": 7,
    "pid": 19632,
    "index": 31
  },
  {
    "name": "Require(27) node_modules/egg-logrotator/app/extend/application.js",
    "start": 1649570115445,
    "end": 1649570115451,
    "duration": 6,
    "pid": 19632,
    "index": 32
  },
  {
    "name": "Require(28) node_modules/egg-view/app/extend/application.js",
    "start": 1649570115451,
    "end": 1649570115461,
    "duration": 10,
    "pid": 19632,
    "index": 33
  },
  {
    "name": "Require(29) node_modules/egg-view-nunjucks/app/extend/application.js",
    "start": 1649570115462,
    "end": 1649570115671,
    "duration": 209,
    "pid": 19632,
    "index": 34
  },
  {
    "name": "Require(30) node_modules/egg-jwt/app/extend/application.js",
    "start": 1649570115672,
    "end": 1649570115906,
    "duration": 234,
    "pid": 19632,
    "index": 35
  },
  {
    "name": "Load extend/request.js",
    "start": 1649570115910,
    "end": 1649570115925,
    "duration": 15,
    "pid": 19632,
    "index": 36
  },
  {
    "name": "Require(31) node_modules/egg/app/extend/request.js",
    "start": 1649570115913,
    "end": 1649570115921,
    "duration": 8,
    "pid": 19632,
    "index": 37
  },
  {
    "name": "Load extend/response.js",
    "start": 1649570115925,
    "end": 1649570115945,
    "duration": 20,
    "pid": 19632,
    "index": 38
  },
  {
    "name": "Require(32) node_modules/egg/app/extend/response.js",
    "start": 1649570115928,
    "end": 1649570115940,
    "duration": 12,
    "pid": 19632,
    "index": 39
  },
  {
    "name": "Load extend/context.js",
    "start": 1649570115945,
    "end": 1649570116015,
    "duration": 70,
    "pid": 19632,
    "index": 40
  },
  {
    "name": "Require(33) node_modules/egg-security/app/extend/context.js",
    "start": 1649570115946,
    "end": 1649570115957,
    "duration": 11,
    "pid": 19632,
    "index": 41
  },
  {
    "name": "Require(34) node_modules/egg-jsonp/app/extend/context.js",
    "start": 1649570115957,
    "end": 1649570115959,
    "duration": 2,
    "pid": 19632,
    "index": 42
  },
  {
    "name": "Require(35) node_modules/egg-i18n/app/extend/context.js",
    "start": 1649570115959,
    "end": 1649570115960,
    "duration": 1,
    "pid": 19632,
    "index": 43
  },
  {
    "name": "Require(36) node_modules/egg-multipart/app/extend/context.js",
    "start": 1649570115960,
    "end": 1649570116008,
    "duration": 48,
    "pid": 19632,
    "index": 44
  },
  {
    "name": "Require(37) node_modules/egg-view/app/extend/context.js",
    "start": 1649570116009,
    "end": 1649570116010,
    "duration": 1,
    "pid": 19632,
    "index": 45
  },
  {
    "name": "Require(38) node_modules/egg/app/extend/context.js",
    "start": 1649570116011,
    "end": 1649570116012,
    "duration": 1,
    "pid": 19632,
    "index": 46
  },
  {
    "name": "Load extend/helper.js",
    "start": 1649570116015,
    "end": 1649570116159,
    "duration": 144,
    "pid": 19632,
    "index": 47
  },
  {
    "name": "Require(39) node_modules/egg-security/app/extend/helper.js",
    "start": 1649570116016,
    "end": 1649570116146,
    "duration": 130,
    "pid": 19632,
    "index": 48
  },
  {
    "name": "Require(40) node_modules/egg/app/extend/helper.js",
    "start": 1649570116150,
    "end": 1649570116155,
    "duration": 5,
    "pid": 19632,
    "index": 49
  },
  {
    "name": "Require(41) app/extend/helper.js",
    "start": 1649570116155,
    "end": 1649570116156,
    "duration": 1,
    "pid": 19632,
    "index": 50
  },
  {
    "name": "Load app.js",
    "start": 1649570116159,
    "end": 1649570116367,
    "duration": 208,
    "pid": 19632,
    "index": 51
  },
  {
    "name": "Require(42) node_modules/egg-session/app.js",
    "start": 1649570116160,
    "end": 1649570116165,
    "duration": 5,
    "pid": 19632,
    "index": 52
  },
  {
    "name": "Require(43) node_modules/egg-security/app.js",
    "start": 1649570116165,
    "end": 1649570116171,
    "duration": 6,
    "pid": 19632,
    "index": 53
  },
  {
    "name": "Require(44) node_modules/egg-onerror/app.js",
    "start": 1649570116172,
    "end": 1649570116227,
    "duration": 55,
    "pid": 19632,
    "index": 54
  },
  {
    "name": "Require(45) node_modules/egg-i18n/app.js",
    "start": 1649570116227,
    "end": 1649570116296,
    "duration": 69,
    "pid": 19632,
    "index": 55
  },
  {
    "name": "Require(46) node_modules/egg-watcher/app.js",
    "start": 1649570116297,
    "end": 1649570116301,
    "duration": 4,
    "pid": 19632,
    "index": 56
  },
  {
    "name": "Require(47) node_modules/egg-schedule/app.js",
    "start": 1649570116301,
    "end": 1649570116308,
    "duration": 7,
    "pid": 19632,
    "index": 57
  },
  {
    "name": "Require(48) node_modules/egg-multipart/app.js",
    "start": 1649570116308,
    "end": 1649570116313,
    "duration": 5,
    "pid": 19632,
    "index": 58
  },
  {
    "name": "Require(49) node_modules/egg-development/app.js",
    "start": 1649570116315,
    "end": 1649570116319,
    "duration": 4,
    "pid": 19632,
    "index": 59
  },
  {
    "name": "Require(50) node_modules/egg-logrotator/app.js",
    "start": 1649570116320,
    "end": 1649570116325,
    "duration": 5,
    "pid": 19632,
    "index": 60
  },
  {
    "name": "Require(51) node_modules/egg-static/app.js",
    "start": 1649570116326,
    "end": 1649570116329,
    "duration": 3,
    "pid": 19632,
    "index": 61
  },
  {
    "name": "Require(52) node_modules/egg-cors/app.js",
    "start": 1649570116330,
    "end": 1649570116334,
    "duration": 4,
    "pid": 19632,
    "index": 62
  },
  {
    "name": "Require(53) node_modules/egg-mysql/app.js",
    "start": 1649570116335,
    "end": 1649570116357,
    "duration": 22,
    "pid": 19632,
    "index": 63
  },
  {
    "name": "Require(54) node_modules/egg-view-nunjucks/app.js",
    "start": 1649570116358,
    "end": 1649570116361,
    "duration": 3,
    "pid": 19632,
    "index": 64
  },
  {
    "name": "Require(55) node_modules/egg-jwt/app.js",
    "start": 1649570116362,
    "end": 1649570116366,
    "duration": 4,
    "pid": 19632,
    "index": 65
  },
  {
    "name": "Before Start in node_modules/egg-watcher/lib/init.js:15:14",
    "start": 1649570116389,
    "end": 1649570117241,
    "duration": 852,
    "pid": 19632,
    "index": 66
  },
  {
    "name": "Before Start in node_modules/egg-mysql/lib/mysql.js:20:7",
    "start": 1649570116471,
    "end": 1649570117390,
    "duration": 919,
    "pid": 19632,
    "index": 67
  },
  {
    "name": "Load Service",
    "start": 1649570116476,
    "end": 1649570116484,
    "duration": 8,
    "pid": 19632,
    "index": 68
  },
  {
    "name": "Load \"service\" to Context",
    "start": 1649570116476,
    "end": 1649570116484,
    "duration": 8,
    "pid": 19632,
    "index": 69
  },
  {
    "name": "Load Middleware",
    "start": 1649570116484,
    "end": 1649570117099,
    "duration": 615,
    "pid": 19632,
    "index": 70
  },
  {
    "name": "Load \"middlewares\" to Application",
    "start": 1649570116484,
    "end": 1649570117081,
    "duration": 597,
    "pid": 19632,
    "index": 71
  },
  {
    "name": "Load Controller",
    "start": 1649570117099,
    "end": 1649570117222,
    "duration": 123,
    "pid": 19632,
    "index": 72
  },
  {
    "name": "Load \"controller\" to Application",
    "start": 1649570117099,
    "end": 1649570117222,
    "duration": 123,
    "pid": 19632,
    "index": 73
  },
  {
    "name": "Load Router",
    "start": 1649570117222,
    "end": 1649570117225,
    "duration": 3,
    "pid": 19632,
    "index": 74
  },
  {
    "name": "Require(56) app/router.js",
    "start": 1649570117223,
    "end": 1649570117223,
    "duration": 0,
    "pid": 19632,
    "index": 75
  },
  {
    "name": "Before Start in node_modules/egg-core/lib/egg.js:303:10",
    "start": 1649570117223,
    "end": 1649570117233,
    "duration": 10,
    "pid": 19632,
    "index": 76
  }
]