[
  {
    "name": "Process Start",
    "start": 1649570137451,
    "end": 1649570139030,
    "duration": 1579,
    "pid": 9924,
    "index": 0
  },
  {
    "name": "Application Start",
    "start": 1649570139031,
    "end": 1649570139882,
    "duration": 851,
    "pid": 9924,
    "index": 1
  },
  {
    "name": "Load Plugin",
    "start": 1649570139036,
    "end": 1649570139066,
    "duration": 30,
    "pid": 9924,
    "index": 2
  },
  {
    "name": "Load Config",
    "start": 1649570139066,
    "end": 1649570139102,
    "duration": 36,
    "pid": 9924,
    "index": 3
  },
  {
    "name": "Require(0) config/config.default.js",
    "start": 1649570139067,
    "end": 1649570139067,
    "duration": 0,
    "pid": 9924,
    "index": 4
  },
  {
    "name": "Require(1) node_modules/egg-session/config/config.default.js",
    "start": 1649570139069,
    "end": 1649570139070,
    "duration": 1,
    "pid": 9924,
    "index": 5
  },
  {
    "name": "Require(2) node_modules/egg-security/config/config.default.js",
    "start": 1649570139070,
    "end": 1649570139071,
    "duration": 1,
    "pid": 9924,
    "index": 6
  },
  {
    "name": "Require(3) node_modules/egg-jsonp/config/config.default.js",
    "start": 1649570139072,
    "end": 1649570139072,
    "duration": 0,
    "pid": 9924,
    "index": 7
  },
  {
    "name": "Require(4) node_modules/egg-onerror/config/config.default.js",
    "start": 1649570139073,
    "end": 1649570139074,
    "duration": 1,
    "pid": 9924,
    "index": 8
  },
  {
    "name": "Require(5) node_modules/egg-i18n/config/config.default.js",
    "start": 1649570139074,
    "end": 1649570139075,
    "duration": 1,
    "pid": 9924,
    "index": 9
  },
  {
    "name": "Require(6) node_modules/egg-watcher/config/config.default.js",
    "start": 1649570139076,
    "end": 1649570139076,
    "duration": 0,
    "pid": 9924,
    "index": 10
  },
  {
    "name": "Require(7) node_modules/egg-schedule/config/config.default.js",
    "start": 1649570139077,
    "end": 1649570139078,
    "duration": 1,
    "pid": 9924,
    "index": 11
  },
  {
    "name": "Require(8) node_modules/egg-multipart/config/config.default.js",
    "start": 1649570139079,
    "end": 1649570139080,
    "duration": 1,
    "pid": 9924,
    "index": 12
  },
  {
    "name": "Require(9) node_modules/egg-development/config/config.default.js",
    "start": 1649570139081,
    "end": 1649570139082,
    "duration": 1,
    "pid": 9924,
    "index": 13
  },
  {
    "name": "Require(10) node_modules/egg-logrotator/config/config.default.js",
    "start": 1649570139082,
    "end": 1649570139083,
    "duration": 1,
    "pid": 9924,
    "index": 14
  },
  {
    "name": "Require(11) node_modules/egg-static/config/config.default.js",
    "start": 1649570139083,
    "end": 1649570139084,
    "duration": 1,
    "pid": 9924,
    "index": 15
  },
  {
    "name": "Require(12) node_modules/egg-view/config/config.default.js",
    "start": 1649570139085,
    "end": 1649570139085,
    "duration": 0,
    "pid": 9924,
    "index": 16
  },
  {
    "name": "Require(13) node_modules/egg-cors/config/config.default.js",
    "start": 1649570139086,
    "end": 1649570139087,
    "duration": 1,
    "pid": 9924,
    "index": 17
  },
  {
    "name": "Require(14) node_modules/egg-mysql/config/config.default.js",
    "start": 1649570139087,
    "end": 1649570139088,
    "duration": 1,
    "pid": 9924,
    "index": 18
  },
  {
    "name": "Require(15) node_modules/egg-view-nunjucks/config/config.default.js",
    "start": 1649570139089,
    "end": 1649570139090,
    "duration": 1,
    "pid": 9924,
    "index": 19
  },
  {
    "name": "Require(16) node_modules/egg-jwt/config/config.default.js",
    "start": 1649570139091,
    "end": 1649570139093,
    "duration": 2,
    "pid": 9924,
    "index": 20
  },
  {
    "name": "Require(17) node_modules/egg/config/config.default.js",
    "start": 1649570139094,
    "end": 1649570139094,
    "duration": 0,
    "pid": 9924,
    "index": 21
  },
  {
    "name": "Require(18) config/config.default.js",
    "start": 1649570139096,
    "end": 1649570139096,
    "duration": 0,
    "pid": 9924,
    "index": 22
  },
  {
    "name": "Require(19) node_modules/egg-security/config/config.local.js",
    "start": 1649570139096,
    "end": 1649570139097,
    "duration": 1,
    "pid": 9924,
    "index": 23
  },
  {
    "name": "Require(20) node_modules/egg-watcher/config/config.local.js",
    "start": 1649570139098,
    "end": 1649570139098,
    "duration": 0,
    "pid": 9924,
    "index": 24
  },
  {
    "name": "Require(21) node_modules/egg-view/config/config.local.js",
    "start": 1649570139100,
    "end": 1649570139100,
    "duration": 0,
    "pid": 9924,
    "index": 25
  },
  {
    "name": "Require(22) node_modules/egg-view-nunjucks/config/config.local.js",
    "start": 1649570139101,
    "end": 1649570139101,
    "duration": 0,
    "pid": 9924,
    "index": 26
  },
  {
    "name": "Require(23) node_modules/egg/config/config.local.js",
    "start": 1649570139102,
    "end": 1649570139102,
    "duration": 0,
    "pid": 9924,
    "index": 27
  },
  {
    "name": "Load extend/application.js",
    "start": 1649570139103,
    "end": 1649570139191,
    "duration": 88,
    "pid": 9924,
    "index": 28
  },
  {
    "name": "Require(24) node_modules/egg-session/app/extend/application.js",
    "start": 1649570139104,
    "end": 1649570139104,
    "duration": 0,
    "pid": 9924,
    "index": 29
  },
  {
    "name": "Require(25) node_modules/egg-security/app/extend/application.js",
    "start": 1649570139105,
    "end": 1649570139106,
    "duration": 1,
    "pid": 9924,
    "index": 30
  },
  {
    "name": "Require(26) node_modules/egg-jsonp/app/extend/application.js",
    "start": 1649570139107,
    "end": 1649570139108,
    "duration": 1,
    "pid": 9924,
    "index": 31
  },
  {
    "name": "Require(27) node_modules/egg-logrotator/app/extend/application.js",
    "start": 1649570139110,
    "end": 1649570139112,
    "duration": 2,
    "pid": 9924,
    "index": 32
  },
  {
    "name": "Require(28) node_modules/egg-view/app/extend/application.js",
    "start": 1649570139112,
    "end": 1649570139114,
    "duration": 2,
    "pid": 9924,
    "index": 33
  },
  {
    "name": "Require(29) node_modules/egg-view-nunjucks/app/extend/application.js",
    "start": 1649570139115,
    "end": 1649570139142,
    "duration": 27,
    "pid": 9924,
    "index": 34
  },
  {
    "name": "Require(30) node_modules/egg-jwt/app/extend/application.js",
    "start": 1649570139143,
    "end": 1649570139187,
    "duration": 44,
    "pid": 9924,
    "index": 35
  },
  {
    "name": "Load extend/request.js",
    "start": 1649570139192,
    "end": 1649570139201,
    "duration": 9,
    "pid": 9924,
    "index": 36
  },
  {
    "name": "Require(31) node_modules/egg/app/extend/request.js",
    "start": 1649570139196,
    "end": 1649570139197,
    "duration": 1,
    "pid": 9924,
    "index": 37
  },
  {
    "name": "Load extend/response.js",
    "start": 1649570139201,
    "end": 1649570139215,
    "duration": 14,
    "pid": 9924,
    "index": 38
  },
  {
    "name": "Require(32) node_modules/egg/app/extend/response.js",
    "start": 1649570139205,
    "end": 1649570139207,
    "duration": 2,
    "pid": 9924,
    "index": 39
  },
  {
    "name": "Load extend/context.js",
    "start": 1649570139215,
    "end": 1649570139296,
    "duration": 81,
    "pid": 9924,
    "index": 40
  },
  {
    "name": "Require(33) node_modules/egg-security/app/extend/context.js",
    "start": 1649570139216,
    "end": 1649570139228,
    "duration": 12,
    "pid": 9924,
    "index": 41
  },
  {
    "name": "Require(34) node_modules/egg-jsonp/app/extend/context.js",
    "start": 1649570139228,
    "end": 1649570139230,
    "duration": 2,
    "pid": 9924,
    "index": 42
  },
  {
    "name": "Require(35) node_modules/egg-i18n/app/extend/context.js",
    "start": 1649570139231,
    "end": 1649570139231,
    "duration": 0,
    "pid": 9924,
    "index": 43
  },
  {
    "name": "Require(36) node_modules/egg-multipart/app/extend/context.js",
    "start": 1649570139232,
    "end": 1649570139288,
    "duration": 56,
    "pid": 9924,
    "index": 44
  },
  {
    "name": "Require(37) node_modules/egg-view/app/extend/context.js",
    "start": 1649570139289,
    "end": 1649570139290,
    "duration": 1,
    "pid": 9924,
    "index": 45
  },
  {
    "name": "Require(38) node_modules/egg/app/extend/context.js",
    "start": 1649570139291,
    "end": 1649570139292,
    "duration": 1,
    "pid": 9924,
    "index": 46
  },
  {
    "name": "Load extend/helper.js",
    "start": 1649570139296,
    "end": 1649570139334,
    "duration": 38,
    "pid": 9924,
    "index": 47
  },
  {
    "name": "Require(39) node_modules/egg-security/app/extend/helper.js",
    "start": 1649570139297,
    "end": 1649570139322,
    "duration": 25,
    "pid": 9924,
    "index": 48
  },
  {
    "name": "Require(40) node_modules/egg/app/extend/helper.js",
    "start": 1649570139326,
    "end": 1649570139326,
    "duration": 0,
    "pid": 9924,
    "index": 49
  },
  {
    "name": "Require(41) app/extend/helper.js",
    "start": 1649570139327,
    "end": 1649570139328,
    "duration": 1,
    "pid": 9924,
    "index": 50
  },
  {
    "name": "Load app.js",
    "start": 1649570139334,
    "end": 1649570139405,
    "duration": 71,
    "pid": 9924,
    "index": 51
  },
  {
    "name": "Require(42) node_modules/egg-session/app.js",
    "start": 1649570139335,
    "end": 1649570139335,
    "duration": 0,
    "pid": 9924,
    "index": 52
  },
  {
    "name": "Require(43) node_modules/egg-security/app.js",
    "start": 1649570139336,
    "end": 1649570139338,
    "duration": 2,
    "pid": 9924,
    "index": 53
  },
  {
    "name": "Require(44) node_modules/egg-onerror/app.js",
    "start": 1649570139339,
    "end": 1649570139348,
    "duration": 9,
    "pid": 9924,
    "index": 54
  },
  {
    "name": "Require(45) node_modules/egg-i18n/app.js",
    "start": 1649570139348,
    "end": 1649570139366,
    "duration": 18,
    "pid": 9924,
    "index": 55
  },
  {
    "name": "Require(46) node_modules/egg-watcher/app.js",
    "start": 1649570139367,
    "end": 1649570139371,
    "duration": 4,
    "pid": 9924,
    "index": 56
  },
  {
    "name": "Require(47) node_modules/egg-schedule/app.js",
    "start": 1649570139372,
    "end": 1649570139374,
    "duration": 2,
    "pid": 9924,
    "index": 57
  },
  {
    "name": "Require(48) node_modules/egg-multipart/app.js",
    "start": 1649570139375,
    "end": 1649570139375,
    "duration": 0,
    "pid": 9924,
    "index": 58
  },
  {
    "name": "Require(49) node_modules/egg-development/app.js",
    "start": 1649570139376,
    "end": 1649570139376,
    "duration": 0,
    "pid": 9924,
    "index": 59
  },
  {
    "name": "Require(50) node_modules/egg-logrotator/app.js",
    "start": 1649570139376,
    "end": 1649570139376,
    "duration": 0,
    "pid": 9924,
    "index": 60
  },
  {
    "name": "Require(51) node_modules/egg-static/app.js",
    "start": 1649570139377,
    "end": 1649570139377,
    "duration": 0,
    "pid": 9924,
    "index": 61
  },
  {
    "name": "Require(52) node_modules/egg-cors/app.js",
    "start": 1649570139378,
    "end": 1649570139378,
    "duration": 0,
    "pid": 9924,
    "index": 62
  },
  {
    "name": "Require(53) node_modules/egg-mysql/app.js",
    "start": 1649570139379,
    "end": 1649570139403,
    "duration": 24,
    "pid": 9924,
    "index": 63
  },
  {
    "name": "Require(54) node_modules/egg-view-nunjucks/app.js",
    "start": 1649570139404,
    "end": 1649570139404,
    "duration": 0,
    "pid": 9924,
    "index": 64
  },
  {
    "name": "Require(55) node_modules/egg-jwt/app.js",
    "start": 1649570139404,
    "end": 1649570139405,
    "duration": 1,
    "pid": 9924,
    "index": 65
  },
  {
    "name": "Before Start in node_modules/egg-watcher/lib/init.js:15:14",
    "start": 1649570139413,
    "end": 1649570139738,
    "duration": 325,
    "pid": 9924,
    "index": 66
  },
  {
    "name": "Before Start in node_modules/egg-mysql/lib/mysql.js:20:7",
    "start": 1649570139510,
    "end": 1649570139882,
    "duration": 372,
    "pid": 9924,
    "index": 67
  },
  {
    "name": "Load Service",
    "start": 1649570139512,
    "end": 1649570139520,
    "duration": 8,
    "pid": 9924,
    "index": 68
  },
  {
    "name": "Load \"service\" to Context",
    "start": 1649570139512,
    "end": 1649570139520,
    "duration": 8,
    "pid": 9924,
    "index": 69
  },
  {
    "name": "Load Middleware",
    "start": 1649570139520,
    "end": 1649570139672,
    "duration": 152,
    "pid": 9924,
    "index": 70
  },
  {
    "name": "Load \"middlewares\" to Application",
    "start": 1649570139520,
    "end": 1649570139658,
    "duration": 138,
    "pid": 9924,
    "index": 71
  },
  {
    "name": "Load Controller",
    "start": 1649570139672,
    "end": 1649570139717,
    "duration": 45,
    "pid": 9924,
    "index": 72
  },
  {
    "name": "Load \"controller\" to Application",
    "start": 1649570139672,
    "end": 1649570139717,
    "duration": 45,
    "pid": 9924,
    "index": 73
  },
  {
    "name": "Load Router",
    "start": 1649570139717,
    "end": 1649570139721,
    "duration": 4,
    "pid": 9924,
    "index": 74
  },
  {
    "name": "Require(56) app/router.js",
    "start": 1649570139718,
    "end": 1649570139718,
    "duration": 0,
    "pid": 9924,
    "index": 75
  },
  {
    "name": "Before Start in node_modules/egg-core/lib/egg.js:303:10",
    "start": 1649570139719,
    "end": 1649570139731,
    "duration": 12,
    "pid": 9924,
    "index": 76
  }
]