[
  {
    "name": "Process Start",
    "start": 1650456475124,
    "end": 1650456476343,
    "duration": 1219,
    "pid": 12652,
    "index": 0
  },
  {
    "name": "Application Start",
    "start": 1650456476344,
    "end": 1650456477098,
    "duration": 754,
    "pid": 12652,
    "index": 1
  },
  {
    "name": "Load Plugin",
    "start": 1650456476347,
    "end": 1650456476372,
    "duration": 25,
    "pid": 12652,
    "index": 2
  },
  {
    "name": "Load Config",
    "start": 1650456476372,
    "end": 1650456476405,
    "duration": 33,
    "pid": 12652,
    "index": 3
  },
  {
    "name": "Require(0) config/config.default.js",
    "start": 1650456476373,
    "end": 1650456476373,
    "duration": 0,
    "pid": 12652,
    "index": 4
  },
  {
    "name": "Require(1) node_modules/egg-session/config/config.default.js",
    "start": 1650456476374,
    "end": 1650456476375,
    "duration": 1,
    "pid": 12652,
    "index": 5
  },
  {
    "name": "Require(2) node_modules/egg-security/config/config.default.js",
    "start": 1650456476376,
    "end": 1650456476376,
    "duration": 0,
    "pid": 12652,
    "index": 6
  },
  {
    "name": "Require(3) node_modules/egg-jsonp/config/config.default.js",
    "start": 1650456476377,
    "end": 1650456476378,
    "duration": 1,
    "pid": 12652,
    "index": 7
  },
  {
    "name": "Require(4) node_modules/egg-onerror/config/config.default.js",
    "start": 1650456476378,
    "end": 1650456476379,
    "duration": 1,
    "pid": 12652,
    "index": 8
  },
  {
    "name": "Require(5) node_modules/egg-i18n/config/config.default.js",
    "start": 1650456476380,
    "end": 1650456476380,
    "duration": 0,
    "pid": 12652,
    "index": 9
  },
  {
    "name": "Require(6) node_modules/egg-watcher/config/config.default.js",
    "start": 1650456476381,
    "end": 1650456476382,
    "duration": 1,
    "pid": 12652,
    "index": 10
  },
  {
    "name": "Require(7) node_modules/egg-schedule/config/config.default.js",
    "start": 1650456476383,
    "end": 1650456476383,
    "duration": 0,
    "pid": 12652,
    "index": 11
  },
  {
    "name": "Require(8) node_modules/egg-multipart/config/config.default.js",
    "start": 1650456476384,
    "end": 1650456476384,
    "duration": 0,
    "pid": 12652,
    "index": 12
  },
  {
    "name": "Require(9) node_modules/egg-development/config/config.default.js",
    "start": 1650456476385,
    "end": 1650456476385,
    "duration": 0,
    "pid": 12652,
    "index": 13
  },
  {
    "name": "Require(10) node_modules/egg-logrotator/config/config.default.js",
    "start": 1650456476386,
    "end": 1650456476387,
    "duration": 1,
    "pid": 12652,
    "index": 14
  },
  {
    "name": "Require(11) node_modules/egg-static/config/config.default.js",
    "start": 1650456476388,
    "end": 1650456476388,
    "duration": 0,
    "pid": 12652,
    "index": 15
  },
  {
    "name": "Require(12) node_modules/egg-view/config/config.default.js",
    "start": 1650456476389,
    "end": 1650456476389,
    "duration": 0,
    "pid": 12652,
    "index": 16
  },
  {
    "name": "Require(13) node_modules/egg-cors/config/config.default.js",
    "start": 1650456476390,
    "end": 1650456476390,
    "duration": 0,
    "pid": 12652,
    "index": 17
  },
  {
    "name": "Require(14) node_modules/egg-mysql/config/config.default.js",
    "start": 1650456476391,
    "end": 1650456476391,
    "duration": 0,
    "pid": 12652,
    "index": 18
  },
  {
    "name": "Require(15) node_modules/egg-view-nunjucks/config/config.default.js",
    "start": 1650456476392,
    "end": 1650456476393,
    "duration": 1,
    "pid": 12652,
    "index": 19
  },
  {
    "name": "Require(16) node_modules/egg-jwt/config/config.default.js",
    "start": 1650456476393,
    "end": 1650456476395,
    "duration": 2,
    "pid": 12652,
    "index": 20
  },
  {
    "name": "Require(17) node_modules/egg/config/config.default.js",
    "start": 1650456476396,
    "end": 1650456476396,
    "duration": 0,
    "pid": 12652,
    "index": 21
  },
  {
    "name": "Require(18) config/config.default.js",
    "start": 1650456476397,
    "end": 1650456476397,
    "duration": 0,
    "pid": 12652,
    "index": 22
  },
  {
    "name": "Require(19) node_modules/egg-security/config/config.local.js",
    "start": 1650456476398,
    "end": 1650456476398,
    "duration": 0,
    "pid": 12652,
    "index": 23
  },
  {
    "name": "Require(20) node_modules/egg-watcher/config/config.local.js",
    "start": 1650456476400,
    "end": 1650456476400,
    "duration": 0,
    "pid": 12652,
    "index": 24
  },
  {
    "name": "Require(21) node_modules/egg-view/config/config.local.js",
    "start": 1650456476402,
    "end": 1650456476403,
    "duration": 1,
    "pid": 12652,
    "index": 25
  },
  {
    "name": "Require(22) node_modules/egg-view-nunjucks/config/config.local.js",
    "start": 1650456476404,
    "end": 1650456476404,
    "duration": 0,
    "pid": 12652,
    "index": 26
  },
  {
    "name": "Require(23) node_modules/egg/config/config.local.js",
    "start": 1650456476404,
    "end": 1650456476405,
    "duration": 1,
    "pid": 12652,
    "index": 27
  },
  {
    "name": "Load extend/application.js",
    "start": 1650456476406,
    "end": 1650456476489,
    "duration": 83,
    "pid": 12652,
    "index": 28
  },
  {
    "name": "Require(24) node_modules/egg-session/app/extend/application.js",
    "start": 1650456476406,
    "end": 1650456476407,
    "duration": 1,
    "pid": 12652,
    "index": 29
  },
  {
    "name": "Require(25) node_modules/egg-security/app/extend/application.js",
    "start": 1650456476408,
    "end": 1650456476409,
    "duration": 1,
    "pid": 12652,
    "index": 30
  },
  {
    "name": "Require(26) node_modules/egg-jsonp/app/extend/application.js",
    "start": 1650456476409,
    "end": 1650456476411,
    "duration": 2,
    "pid": 12652,
    "index": 31
  },
  {
    "name": "Require(27) node_modules/egg-logrotator/app/extend/application.js",
    "start": 1650456476413,
    "end": 1650456476415,
    "duration": 2,
    "pid": 12652,
    "index": 32
  },
  {
    "name": "Require(28) node_modules/egg-view/app/extend/application.js",
    "start": 1650456476415,
    "end": 1650456476417,
    "duration": 2,
    "pid": 12652,
    "index": 33
  },
  {
    "name": "Require(29) node_modules/egg-view-nunjucks/app/extend/application.js",
    "start": 1650456476418,
    "end": 1650456476444,
    "duration": 26,
    "pid": 12652,
    "index": 34
  },
  {
    "name": "Require(30) node_modules/egg-jwt/app/extend/application.js",
    "start": 1650456476445,
    "end": 1650456476485,
    "duration": 40,
    "pid": 12652,
    "index": 35
  },
  {
    "name": "Load extend/request.js",
    "start": 1650456476489,
    "end": 1650456476497,
    "duration": 8,
    "pid": 12652,
    "index": 36
  },
  {
    "name": "Require(31) node_modules/egg/app/extend/request.js",
    "start": 1650456476493,
    "end": 1650456476493,
    "duration": 0,
    "pid": 12652,
    "index": 37
  },
  {
    "name": "Load extend/response.js",
    "start": 1650456476497,
    "end": 1650456476509,
    "duration": 12,
    "pid": 12652,
    "index": 38
  },
  {
    "name": "Require(32) node_modules/egg/app/extend/response.js",
    "start": 1650456476501,
    "end": 1650456476502,
    "duration": 1,
    "pid": 12652,
    "index": 39
  },
  {
    "name": "Load extend/context.js",
    "start": 1650456476509,
    "end": 1650456476576,
    "duration": 67,
    "pid": 12652,
    "index": 40
  },
  {
    "name": "Require(33) node_modules/egg-security/app/extend/context.js",
    "start": 1650456476509,
    "end": 1650456476519,
    "duration": 10,
    "pid": 12652,
    "index": 41
  },
  {
    "name": "Require(34) node_modules/egg-jsonp/app/extend/context.js",
    "start": 1650456476519,
    "end": 1650456476520,
    "duration": 1,
    "pid": 12652,
    "index": 42
  },
  {
    "name": "Require(35) node_modules/egg-i18n/app/extend/context.js",
    "start": 1650456476521,
    "end": 1650456476521,
    "duration": 0,
    "pid": 12652,
    "index": 43
  },
  {
    "name": "Require(36) node_modules/egg-multipart/app/extend/context.js",
    "start": 1650456476522,
    "end": 1650456476568,
    "duration": 46,
    "pid": 12652,
    "index": 44
  },
  {
    "name": "Require(37) node_modules/egg-view/app/extend/context.js",
    "start": 1650456476569,
    "end": 1650456476570,
    "duration": 1,
    "pid": 12652,
    "index": 45
  },
  {
    "name": "Require(38) node_modules/egg/app/extend/context.js",
    "start": 1650456476571,
    "end": 1650456476572,
    "duration": 1,
    "pid": 12652,
    "index": 46
  },
  {
    "name": "Load extend/helper.js",
    "start": 1650456476576,
    "end": 1650456476601,
    "duration": 25,
    "pid": 12652,
    "index": 47
  },
  {
    "name": "Require(39) node_modules/egg-security/app/extend/helper.js",
    "start": 1650456476577,
    "end": 1650456476593,
    "duration": 16,
    "pid": 12652,
    "index": 48
  },
  {
    "name": "Require(40) node_modules/egg/app/extend/helper.js",
    "start": 1650456476596,
    "end": 1650456476596,
    "duration": 0,
    "pid": 12652,
    "index": 49
  },
  {
    "name": "Require(41) app/extend/helper.js",
    "start": 1650456476597,
    "end": 1650456476597,
    "duration": 0,
    "pid": 12652,
    "index": 50
  },
  {
    "name": "Load app.js",
    "start": 1650456476601,
    "end": 1650456476659,
    "duration": 58,
    "pid": 12652,
    "index": 51
  },
  {
    "name": "Require(42) node_modules/egg-session/app.js",
    "start": 1650456476601,
    "end": 1650456476602,
    "duration": 1,
    "pid": 12652,
    "index": 52
  },
  {
    "name": "Require(43) node_modules/egg-security/app.js",
    "start": 1650456476602,
    "end": 1650456476603,
    "duration": 1,
    "pid": 12652,
    "index": 53
  },
  {
    "name": "Require(44) node_modules/egg-onerror/app.js",
    "start": 1650456476604,
    "end": 1650456476612,
    "duration": 8,
    "pid": 12652,
    "index": 54
  },
  {
    "name": "Require(45) node_modules/egg-i18n/app.js",
    "start": 1650456476612,
    "end": 1650456476627,
    "duration": 15,
    "pid": 12652,
    "index": 55
  },
  {
    "name": "Require(46) node_modules/egg-watcher/app.js",
    "start": 1650456476627,
    "end": 1650456476631,
    "duration": 4,
    "pid": 12652,
    "index": 56
  },
  {
    "name": "Require(47) node_modules/egg-schedule/app.js",
    "start": 1650456476631,
    "end": 1650456476632,
    "duration": 1,
    "pid": 12652,
    "index": 57
  },
  {
    "name": "Require(48) node_modules/egg-multipart/app.js",
    "start": 1650456476633,
    "end": 1650456476633,
    "duration": 0,
    "pid": 12652,
    "index": 58
  },
  {
    "name": "Require(49) node_modules/egg-development/app.js",
    "start": 1650456476634,
    "end": 1650456476634,
    "duration": 0,
    "pid": 12652,
    "index": 59
  },
  {
    "name": "Require(50) node_modules/egg-logrotator/app.js",
    "start": 1650456476634,
    "end": 1650456476634,
    "duration": 0,
    "pid": 12652,
    "index": 60
  },
  {
    "name": "Require(51) node_modules/egg-static/app.js",
    "start": 1650456476635,
    "end": 1650456476635,
    "duration": 0,
    "pid": 12652,
    "index": 61
  },
  {
    "name": "Require(52) node_modules/egg-cors/app.js",
    "start": 1650456476636,
    "end": 1650456476636,
    "duration": 0,
    "pid": 12652,
    "index": 62
  },
  {
    "name": "Require(53) node_modules/egg-mysql/app.js",
    "start": 1650456476636,
    "end": 1650456476657,
    "duration": 21,
    "pid": 12652,
    "index": 63
  },
  {
    "name": "Require(54) node_modules/egg-view-nunjucks/app.js",
    "start": 1650456476657,
    "end": 1650456476658,
    "duration": 1,
    "pid": 12652,
    "index": 64
  },
  {
    "name": "Require(55) node_modules/egg-jwt/app.js",
    "start": 1650456476658,
    "end": 1650456476658,
    "duration": 0,
    "pid": 12652,
    "index": 65
  },
  {
    "name": "Before Start in node_modules/egg-watcher/lib/init.js:15:14",
    "start": 1650456476666,
    "end": 1650456476947,
    "duration": 281,
    "pid": 12652,
    "index": 66
  },
  {
    "name": "Before Start in node_modules/egg-mysql/lib/mysql.js:20:7",
    "start": 1650456476751,
    "end": 1650456477097,
    "duration": 346,
    "pid": 12652,
    "index": 67
  },
  {
    "name": "Load Service",
    "start": 1650456476752,
    "end": 1650456476760,
    "duration": 8,
    "pid": 12652,
    "index": 68
  },
  {
    "name": "Load \"service\" to Context",
    "start": 1650456476752,
    "end": 1650456476760,
    "duration": 8,
    "pid": 12652,
    "index": 69
  },
  {
    "name": "Load Middleware",
    "start": 1650456476760,
    "end": 1650456476887,
    "duration": 127,
    "pid": 12652,
    "index": 70
  },
  {
    "name": "Load \"middlewares\" to Application",
    "start": 1650456476760,
    "end": 1650456476875,
    "duration": 115,
    "pid": 12652,
    "index": 71
  },
  {
    "name": "Load Controller",
    "start": 1650456476887,
    "end": 1650456476928,
    "duration": 41,
    "pid": 12652,
    "index": 72
  },
  {
    "name": "Load \"controller\" to Application",
    "start": 1650456476887,
    "end": 1650456476928,
    "duration": 41,
    "pid": 12652,
    "index": 73
  },
  {
    "name": "Load Router",
    "start": 1650456476929,
    "end": 1650456476931,
    "duration": 2,
    "pid": 12652,
    "index": 74
  },
  {
    "name": "Require(56) app/router.js",
    "start": 1650456476929,
    "end": 1650456476929,
    "duration": 0,
    "pid": 12652,
    "index": 75
  },
  {
    "name": "Before Start in node_modules/egg-core/lib/egg.js:303:10",
    "start": 1650456476929,
    "end": 1650456476939,
    "duration": 10,
    "pid": 12652,
    "index": 76
  }
]