[
  {
    "name": "Process Start",
    "start": 1650456477141,
    "end": 1650456478276,
    "duration": 1135,
    "pid": 11992,
    "index": 0
  },
  {
    "name": "Application Start",
    "start": 1650456478276,
    "end": 1650456479042,
    "duration": 766,
    "pid": 11992,
    "index": 1
  },
  {
    "name": "Load Plugin",
    "start": 1650456478280,
    "end": 1650456478300,
    "duration": 20,
    "pid": 11992,
    "index": 2
  },
  {
    "name": "Load Config",
    "start": 1650456478300,
    "end": 1650456478330,
    "duration": 30,
    "pid": 11992,
    "index": 3
  },
  {
    "name": "Require(0) config/config.default.js",
    "start": 1650456478301,
    "end": 1650456478301,
    "duration": 0,
    "pid": 11992,
    "index": 4
  },
  {
    "name": "Require(1) node_modules/egg-session/config/config.default.js",
    "start": 1650456478303,
    "end": 1650456478303,
    "duration": 0,
    "pid": 11992,
    "index": 5
  },
  {
    "name": "Require(2) node_modules/egg-security/config/config.default.js",
    "start": 1650456478304,
    "end": 1650456478304,
    "duration": 0,
    "pid": 11992,
    "index": 6
  },
  {
    "name": "Require(3) node_modules/egg-jsonp/config/config.default.js",
    "start": 1650456478305,
    "end": 1650456478305,
    "duration": 0,
    "pid": 11992,
    "index": 7
  },
  {
    "name": "Require(4) node_modules/egg-onerror/config/config.default.js",
    "start": 1650456478306,
    "end": 1650456478306,
    "duration": 0,
    "pid": 11992,
    "index": 8
  },
  {
    "name": "Require(5) node_modules/egg-i18n/config/config.default.js",
    "start": 1650456478307,
    "end": 1650456478308,
    "duration": 1,
    "pid": 11992,
    "index": 9
  },
  {
    "name": "Require(6) node_modules/egg-watcher/config/config.default.js",
    "start": 1650456478309,
    "end": 1650456478310,
    "duration": 1,
    "pid": 11992,
    "index": 10
  },
  {
    "name": "Require(7) node_modules/egg-schedule/config/config.default.js",
    "start": 1650456478311,
    "end": 1650456478311,
    "duration": 0,
    "pid": 11992,
    "index": 11
  },
  {
    "name": "Require(8) node_modules/egg-multipart/config/config.default.js",
    "start": 1650456478312,
    "end": 1650456478312,
    "duration": 0,
    "pid": 11992,
    "index": 12
  },
  {
    "name": "Require(9) node_modules/egg-development/config/config.default.js",
    "start": 1650456478313,
    "end": 1650456478313,
    "duration": 0,
    "pid": 11992,
    "index": 13
  },
  {
    "name": "Require(10) node_modules/egg-logrotator/config/config.default.js",
    "start": 1650456478314,
    "end": 1650456478314,
    "duration": 0,
    "pid": 11992,
    "index": 14
  },
  {
    "name": "Require(11) node_modules/egg-static/config/config.default.js",
    "start": 1650456478315,
    "end": 1650456478315,
    "duration": 0,
    "pid": 11992,
    "index": 15
  },
  {
    "name": "Require(12) node_modules/egg-view/config/config.default.js",
    "start": 1650456478316,
    "end": 1650456478316,
    "duration": 0,
    "pid": 11992,
    "index": 16
  },
  {
    "name": "Require(13) node_modules/egg-cors/config/config.default.js",
    "start": 1650456478317,
    "end": 1650456478317,
    "duration": 0,
    "pid": 11992,
    "index": 17
  },
  {
    "name": "Require(14) node_modules/egg-mysql/config/config.default.js",
    "start": 1650456478318,
    "end": 1650456478318,
    "duration": 0,
    "pid": 11992,
    "index": 18
  },
  {
    "name": "Require(15) node_modules/egg-view-nunjucks/config/config.default.js",
    "start": 1650456478319,
    "end": 1650456478319,
    "duration": 0,
    "pid": 11992,
    "index": 19
  },
  {
    "name": "Require(16) node_modules/egg-jwt/config/config.default.js",
    "start": 1650456478320,
    "end": 1650456478321,
    "duration": 1,
    "pid": 11992,
    "index": 20
  },
  {
    "name": "Require(17) node_modules/egg/config/config.default.js",
    "start": 1650456478322,
    "end": 1650456478323,
    "duration": 1,
    "pid": 11992,
    "index": 21
  },
  {
    "name": "Require(18) config/config.default.js",
    "start": 1650456478324,
    "end": 1650456478324,
    "duration": 0,
    "pid": 11992,
    "index": 22
  },
  {
    "name": "Require(19) node_modules/egg-security/config/config.local.js",
    "start": 1650456478324,
    "end": 1650456478325,
    "duration": 1,
    "pid": 11992,
    "index": 23
  },
  {
    "name": "Require(20) node_modules/egg-watcher/config/config.local.js",
    "start": 1650456478326,
    "end": 1650456478326,
    "duration": 0,
    "pid": 11992,
    "index": 24
  },
  {
    "name": "Require(21) node_modules/egg-view/config/config.local.js",
    "start": 1650456478328,
    "end": 1650456478328,
    "duration": 0,
    "pid": 11992,
    "index": 25
  },
  {
    "name": "Require(22) node_modules/egg-view-nunjucks/config/config.local.js",
    "start": 1650456478329,
    "end": 1650456478329,
    "duration": 0,
    "pid": 11992,
    "index": 26
  },
  {
    "name": "Require(23) node_modules/egg/config/config.local.js",
    "start": 1650456478330,
    "end": 1650456478330,
    "duration": 0,
    "pid": 11992,
    "index": 27
  },
  {
    "name": "Load extend/application.js",
    "start": 1650456478331,
    "end": 1650456478414,
    "duration": 83,
    "pid": 11992,
    "index": 28
  },
  {
    "name": "Require(24) node_modules/egg-session/app/extend/application.js",
    "start": 1650456478332,
    "end": 1650456478332,
    "duration": 0,
    "pid": 11992,
    "index": 29
  },
  {
    "name": "Require(25) node_modules/egg-security/app/extend/application.js",
    "start": 1650456478332,
    "end": 1650456478334,
    "duration": 2,
    "pid": 11992,
    "index": 30
  },
  {
    "name": "Require(26) node_modules/egg-jsonp/app/extend/application.js",
    "start": 1650456478334,
    "end": 1650456478336,
    "duration": 2,
    "pid": 11992,
    "index": 31
  },
  {
    "name": "Require(27) node_modules/egg-logrotator/app/extend/application.js",
    "start": 1650456478337,
    "end": 1650456478339,
    "duration": 2,
    "pid": 11992,
    "index": 32
  },
  {
    "name": "Require(28) node_modules/egg-view/app/extend/application.js",
    "start": 1650456478340,
    "end": 1650456478341,
    "duration": 1,
    "pid": 11992,
    "index": 33
  },
  {
    "name": "Require(29) node_modules/egg-view-nunjucks/app/extend/application.js",
    "start": 1650456478342,
    "end": 1650456478368,
    "duration": 26,
    "pid": 11992,
    "index": 34
  },
  {
    "name": "Require(30) node_modules/egg-jwt/app/extend/application.js",
    "start": 1650456478369,
    "end": 1650456478410,
    "duration": 41,
    "pid": 11992,
    "index": 35
  },
  {
    "name": "Load extend/request.js",
    "start": 1650456478414,
    "end": 1650456478423,
    "duration": 9,
    "pid": 11992,
    "index": 36
  },
  {
    "name": "Require(31) node_modules/egg/app/extend/request.js",
    "start": 1650456478418,
    "end": 1650456478419,
    "duration": 1,
    "pid": 11992,
    "index": 37
  },
  {
    "name": "Load extend/response.js",
    "start": 1650456478423,
    "end": 1650456478433,
    "duration": 10,
    "pid": 11992,
    "index": 38
  },
  {
    "name": "Require(32) node_modules/egg/app/extend/response.js",
    "start": 1650456478426,
    "end": 1650456478428,
    "duration": 2,
    "pid": 11992,
    "index": 39
  },
  {
    "name": "Load extend/context.js",
    "start": 1650456478433,
    "end": 1650456478503,
    "duration": 70,
    "pid": 11992,
    "index": 40
  },
  {
    "name": "Require(33) node_modules/egg-security/app/extend/context.js",
    "start": 1650456478434,
    "end": 1650456478444,
    "duration": 10,
    "pid": 11992,
    "index": 41
  },
  {
    "name": "Require(34) node_modules/egg-jsonp/app/extend/context.js",
    "start": 1650456478444,
    "end": 1650456478445,
    "duration": 1,
    "pid": 11992,
    "index": 42
  },
  {
    "name": "Require(35) node_modules/egg-i18n/app/extend/context.js",
    "start": 1650456478446,
    "end": 1650456478446,
    "duration": 0,
    "pid": 11992,
    "index": 43
  },
  {
    "name": "Require(36) node_modules/egg-multipart/app/extend/context.js",
    "start": 1650456478447,
    "end": 1650456478495,
    "duration": 48,
    "pid": 11992,
    "index": 44
  },
  {
    "name": "Require(37) node_modules/egg-view/app/extend/context.js",
    "start": 1650456478496,
    "end": 1650456478498,
    "duration": 2,
    "pid": 11992,
    "index": 45
  },
  {
    "name": "Require(38) node_modules/egg/app/extend/context.js",
    "start": 1650456478499,
    "end": 1650456478500,
    "duration": 1,
    "pid": 11992,
    "index": 46
  },
  {
    "name": "Load extend/helper.js",
    "start": 1650456478503,
    "end": 1650456478529,
    "duration": 26,
    "pid": 11992,
    "index": 47
  },
  {
    "name": "Require(39) node_modules/egg-security/app/extend/helper.js",
    "start": 1650456478504,
    "end": 1650456478521,
    "duration": 17,
    "pid": 11992,
    "index": 48
  },
  {
    "name": "Require(40) node_modules/egg/app/extend/helper.js",
    "start": 1650456478524,
    "end": 1650456478524,
    "duration": 0,
    "pid": 11992,
    "index": 49
  },
  {
    "name": "Require(41) app/extend/helper.js",
    "start": 1650456478525,
    "end": 1650456478525,
    "duration": 0,
    "pid": 11992,
    "index": 50
  },
  {
    "name": "Load app.js",
    "start": 1650456478529,
    "end": 1650456478588,
    "duration": 59,
    "pid": 11992,
    "index": 51
  },
  {
    "name": "Require(42) node_modules/egg-session/app.js",
    "start": 1650456478530,
    "end": 1650456478530,
    "duration": 0,
    "pid": 11992,
    "index": 52
  },
  {
    "name": "Require(43) node_modules/egg-security/app.js",
    "start": 1650456478531,
    "end": 1650456478532,
    "duration": 1,
    "pid": 11992,
    "index": 53
  },
  {
    "name": "Require(44) node_modules/egg-onerror/app.js",
    "start": 1650456478533,
    "end": 1650456478540,
    "duration": 7,
    "pid": 11992,
    "index": 54
  },
  {
    "name": "Require(45) node_modules/egg-i18n/app.js",
    "start": 1650456478540,
    "end": 1650456478556,
    "duration": 16,
    "pid": 11992,
    "index": 55
  },
  {
    "name": "Require(46) node_modules/egg-watcher/app.js",
    "start": 1650456478556,
    "end": 1650456478560,
    "duration": 4,
    "pid": 11992,
    "index": 56
  },
  {
    "name": "Require(47) node_modules/egg-schedule/app.js",
    "start": 1650456478560,
    "end": 1650456478562,
    "duration": 2,
    "pid": 11992,
    "index": 57
  },
  {
    "name": "Require(48) node_modules/egg-multipart/app.js",
    "start": 1650456478562,
    "end": 1650456478563,
    "duration": 1,
    "pid": 11992,
    "index": 58
  },
  {
    "name": "Require(49) node_modules/egg-development/app.js",
    "start": 1650456478563,
    "end": 1650456478563,
    "duration": 0,
    "pid": 11992,
    "index": 59
  },
  {
    "name": "Require(50) node_modules/egg-logrotator/app.js",
    "start": 1650456478564,
    "end": 1650456478564,
    "duration": 0,
    "pid": 11992,
    "index": 60
  },
  {
    "name": "Require(51) node_modules/egg-static/app.js",
    "start": 1650456478564,
    "end": 1650456478565,
    "duration": 1,
    "pid": 11992,
    "index": 61
  },
  {
    "name": "Require(52) node_modules/egg-cors/app.js",
    "start": 1650456478565,
    "end": 1650456478566,
    "duration": 1,
    "pid": 11992,
    "index": 62
  },
  {
    "name": "Require(53) node_modules/egg-mysql/app.js",
    "start": 1650456478566,
    "end": 1650456478585,
    "duration": 19,
    "pid": 11992,
    "index": 63
  },
  {
    "name": "Require(54) node_modules/egg-view-nunjucks/app.js",
    "start": 1650456478586,
    "end": 1650456478586,
    "duration": 0,
    "pid": 11992,
    "index": 64
  },
  {
    "name": "Require(55) node_modules/egg-jwt/app.js",
    "start": 1650456478586,
    "end": 1650456478587,
    "duration": 1,
    "pid": 11992,
    "index": 65
  },
  {
    "name": "Before Start in node_modules/egg-watcher/lib/init.js:15:14",
    "start": 1650456478595,
    "end": 1650456478900,
    "duration": 305,
    "pid": 11992,
    "index": 66
  },
  {
    "name": "Before Start in node_modules/egg-mysql/lib/mysql.js:20:7",
    "start": 1650456478687,
    "end": 1650456479042,
    "duration": 355,
    "pid": 11992,
    "index": 67
  },
  {
    "name": "Load Service",
    "start": 1650456478689,
    "end": 1650456478697,
    "duration": 8,
    "pid": 11992,
    "index": 68
  },
  {
    "name": "Load \"service\" to Context",
    "start": 1650456478689,
    "end": 1650456478697,
    "duration": 8,
    "pid": 11992,
    "index": 69
  },
  {
    "name": "Load Middleware",
    "start": 1650456478697,
    "end": 1650456478836,
    "duration": 139,
    "pid": 11992,
    "index": 70
  },
  {
    "name": "Load \"middlewares\" to Application",
    "start": 1650456478697,
    "end": 1650456478822,
    "duration": 125,
    "pid": 11992,
    "index": 71
  },
  {
    "name": "Load Controller",
    "start": 1650456478836,
    "end": 1650456478882,
    "duration": 46,
    "pid": 11992,
    "index": 72
  },
  {
    "name": "Load \"controller\" to Application",
    "start": 1650456478836,
    "end": 1650456478882,
    "duration": 46,
    "pid": 11992,
    "index": 73
  },
  {
    "name": "Load Router",
    "start": 1650456478882,
    "end": 1650456478884,
    "duration": 2,
    "pid": 11992,
    "index": 74
  },
  {
    "name": "Require(56) app/router.js",
    "start": 1650456478882,
    "end": 1650456478882,
    "duration": 0,
    "pid": 11992,
    "index": 75
  },
  {
    "name": "Before Start in node_modules/egg-core/lib/egg.js:303:10",
    "start": 1650456478883,
    "end": 1650456478892,
    "duration": 9,
    "pid": 11992,
    "index": 76
  }
]