[
  {
    "name": "Process Start",
    "start": 1650456472907,
    "end": 1650456474030,
    "duration": 1123,
    "pid": 16728,
    "index": 0
  },
  {
    "name": "Application Start",
    "start": 1650456474031,
    "end": 1650456476358,
    "duration": 2327,
    "pid": 16728,
    "index": 1
  },
  {
    "name": "Load Plugin",
    "start": 1650456474035,
    "end": 1650456474055,
    "duration": 20,
    "pid": 16728,
    "index": 2
  },
  {
    "name": "Load Config",
    "start": 1650456474055,
    "end": 1650456474083,
    "duration": 28,
    "pid": 16728,
    "index": 3
  },
  {
    "name": "Require(0) config/config.default.js",
    "start": 1650456474056,
    "end": 1650456474056,
    "duration": 0,
    "pid": 16728,
    "index": 4
  },
  {
    "name": "Require(1) node_modules/egg-session/config/config.default.js",
    "start": 1650456474058,
    "end": 1650456474058,
    "duration": 0,
    "pid": 16728,
    "index": 5
  },
  {
    "name": "Require(2) node_modules/egg-security/config/config.default.js",
    "start": 1650456474059,
    "end": 1650456474059,
    "duration": 0,
    "pid": 16728,
    "index": 6
  },
  {
    "name": "Require(3) node_modules/egg-jsonp/config/config.default.js",
    "start": 1650456474060,
    "end": 1650456474061,
    "duration": 1,
    "pid": 16728,
    "index": 7
  },
  {
    "name": "Require(4) node_modules/egg-onerror/config/config.default.js",
    "start": 1650456474061,
    "end": 1650456474062,
    "duration": 1,
    "pid": 16728,
    "index": 8
  },
  {
    "name": "Require(5) node_modules/egg-i18n/config/config.default.js",
    "start": 1650456474062,
    "end": 1650456474063,
    "duration": 1,
    "pid": 16728,
    "index": 9
  },
  {
    "name": "Require(6) node_modules/egg-watcher/config/config.default.js",
    "start": 1650456474063,
    "end": 1650456474064,
    "duration": 1,
    "pid": 16728,
    "index": 10
  },
  {
    "name": "Require(7) node_modules/egg-schedule/config/config.default.js",
    "start": 1650456474064,
    "end": 1650456474065,
    "duration": 1,
    "pid": 16728,
    "index": 11
  },
  {
    "name": "Require(8) node_modules/egg-multipart/config/config.default.js",
    "start": 1650456474065,
    "end": 1650456474066,
    "duration": 1,
    "pid": 16728,
    "index": 12
  },
  {
    "name": "Require(9) node_modules/egg-development/config/config.default.js",
    "start": 1650456474066,
    "end": 1650456474067,
    "duration": 1,
    "pid": 16728,
    "index": 13
  },
  {
    "name": "Require(10) node_modules/egg-logrotator/config/config.default.js",
    "start": 1650456474067,
    "end": 1650456474068,
    "duration": 1,
    "pid": 16728,
    "index": 14
  },
  {
    "name": "Require(11) node_modules/egg-static/config/config.default.js",
    "start": 1650456474068,
    "end": 1650456474069,
    "duration": 1,
    "pid": 16728,
    "index": 15
  },
  {
    "name": "Require(12) node_modules/egg-view/config/config.default.js",
    "start": 1650456474069,
    "end": 1650456474070,
    "duration": 1,
    "pid": 16728,
    "index": 16
  },
  {
    "name": "Require(13) node_modules/egg-cors/config/config.default.js",
    "start": 1650456474070,
    "end": 1650456474071,
    "duration": 1,
    "pid": 16728,
    "index": 17
  },
  {
    "name": "Require(14) node_modules/egg-mysql/config/config.default.js",
    "start": 1650456474071,
    "end": 1650456474072,
    "duration": 1,
    "pid": 16728,
    "index": 18
  },
  {
    "name": "Require(15) node_modules/egg-view-nunjucks/config/config.default.js",
    "start": 1650456474072,
    "end": 1650456474073,
    "duration": 1,
    "pid": 16728,
    "index": 19
  },
  {
    "name": "Require(16) node_modules/egg-jwt/config/config.default.js",
    "start": 1650456474073,
    "end": 1650456474075,
    "duration": 2,
    "pid": 16728,
    "index": 20
  },
  {
    "name": "Require(17) node_modules/egg/config/config.default.js",
    "start": 1650456474075,
    "end": 1650456474076,
    "duration": 1,
    "pid": 16728,
    "index": 21
  },
  {
    "name": "Require(18) config/config.default.js",
    "start": 1650456474077,
    "end": 1650456474077,
    "duration": 0,
    "pid": 16728,
    "index": 22
  },
  {
    "name": "Require(19) node_modules/egg-security/config/config.local.js",
    "start": 1650456474077,
    "end": 1650456474078,
    "duration": 1,
    "pid": 16728,
    "index": 23
  },
  {
    "name": "Require(20) node_modules/egg-watcher/config/config.local.js",
    "start": 1650456474079,
    "end": 1650456474079,
    "duration": 0,
    "pid": 16728,
    "index": 24
  },
  {
    "name": "Require(21) node_modules/egg-view/config/config.local.js",
    "start": 1650456474080,
    "end": 1650456474081,
    "duration": 1,
    "pid": 16728,
    "index": 25
  },
  {
    "name": "Require(22) node_modules/egg-view-nunjucks/config/config.local.js",
    "start": 1650456474082,
    "end": 1650456474082,
    "duration": 0,
    "pid": 16728,
    "index": 26
  },
  {
    "name": "Require(23) node_modules/egg/config/config.local.js",
    "start": 1650456474082,
    "end": 1650456474083,
    "duration": 1,
    "pid": 16728,
    "index": 27
  },
  {
    "name": "Load extend/application.js",
    "start": 1650456474083,
    "end": 1650456474629,
    "duration": 546,
    "pid": 16728,
    "index": 28
  },
  {
    "name": "Require(24) node_modules/egg-session/app/extend/application.js",
    "start": 1650456474084,
    "end": 1650456474091,
    "duration": 7,
    "pid": 16728,
    "index": 29
  },
  {
    "name": "Require(25) node_modules/egg-security/app/extend/application.js",
    "start": 1650456474092,
    "end": 1650456474102,
    "duration": 10,
    "pid": 16728,
    "index": 30
  },
  {
    "name": "Require(26) node_modules/egg-jsonp/app/extend/application.js",
    "start": 1650456474103,
    "end": 1650456474111,
    "duration": 8,
    "pid": 16728,
    "index": 31
  },
  {
    "name": "Require(27) node_modules/egg-logrotator/app/extend/application.js",
    "start": 1650456474112,
    "end": 1650456474118,
    "duration": 6,
    "pid": 16728,
    "index": 32
  },
  {
    "name": "Require(28) node_modules/egg-view/app/extend/application.js",
    "start": 1650456474118,
    "end": 1650456474130,
    "duration": 12,
    "pid": 16728,
    "index": 33
  },
  {
    "name": "Require(29) node_modules/egg-view-nunjucks/app/extend/application.js",
    "start": 1650456474131,
    "end": 1650456474369,
    "duration": 238,
    "pid": 16728,
    "index": 34
  },
  {
    "name": "Require(30) node_modules/egg-jwt/app/extend/application.js",
    "start": 1650456474370,
    "end": 1650456474626,
    "duration": 256,
    "pid": 16728,
    "index": 35
  },
  {
    "name": "Load extend/request.js",
    "start": 1650456474629,
    "end": 1650456474643,
    "duration": 14,
    "pid": 16728,
    "index": 36
  },
  {
    "name": "Require(31) node_modules/egg/app/extend/request.js",
    "start": 1650456474633,
    "end": 1650456474640,
    "duration": 7,
    "pid": 16728,
    "index": 37
  },
  {
    "name": "Load extend/response.js",
    "start": 1650456474643,
    "end": 1650456474662,
    "duration": 19,
    "pid": 16728,
    "index": 38
  },
  {
    "name": "Require(32) node_modules/egg/app/extend/response.js",
    "start": 1650456474647,
    "end": 1650456474658,
    "duration": 11,
    "pid": 16728,
    "index": 39
  },
  {
    "name": "Load extend/context.js",
    "start": 1650456474662,
    "end": 1650456474727,
    "duration": 65,
    "pid": 16728,
    "index": 40
  },
  {
    "name": "Require(33) node_modules/egg-security/app/extend/context.js",
    "start": 1650456474664,
    "end": 1650456474673,
    "duration": 9,
    "pid": 16728,
    "index": 41
  },
  {
    "name": "Require(34) node_modules/egg-jsonp/app/extend/context.js",
    "start": 1650456474673,
    "end": 1650456474674,
    "duration": 1,
    "pid": 16728,
    "index": 42
  },
  {
    "name": "Require(35) node_modules/egg-i18n/app/extend/context.js",
    "start": 1650456474675,
    "end": 1650456474675,
    "duration": 0,
    "pid": 16728,
    "index": 43
  },
  {
    "name": "Require(36) node_modules/egg-multipart/app/extend/context.js",
    "start": 1650456474676,
    "end": 1650456474720,
    "duration": 44,
    "pid": 16728,
    "index": 44
  },
  {
    "name": "Require(37) node_modules/egg-view/app/extend/context.js",
    "start": 1650456474721,
    "end": 1650456474722,
    "duration": 1,
    "pid": 16728,
    "index": 45
  },
  {
    "name": "Require(38) node_modules/egg/app/extend/context.js",
    "start": 1650456474723,
    "end": 1650456474723,
    "duration": 0,
    "pid": 16728,
    "index": 46
  },
  {
    "name": "Load extend/helper.js",
    "start": 1650456474727,
    "end": 1650456474874,
    "duration": 147,
    "pid": 16728,
    "index": 47
  },
  {
    "name": "Require(39) node_modules/egg-security/app/extend/helper.js",
    "start": 1650456474728,
    "end": 1650456474860,
    "duration": 132,
    "pid": 16728,
    "index": 48
  },
  {
    "name": "Require(40) node_modules/egg/app/extend/helper.js",
    "start": 1650456474863,
    "end": 1650456474868,
    "duration": 5,
    "pid": 16728,
    "index": 49
  },
  {
    "name": "Require(41) app/extend/helper.js",
    "start": 1650456474869,
    "end": 1650456474870,
    "duration": 1,
    "pid": 16728,
    "index": 50
  },
  {
    "name": "Load app.js",
    "start": 1650456474874,
    "end": 1650456475126,
    "duration": 252,
    "pid": 16728,
    "index": 51
  },
  {
    "name": "Require(42) node_modules/egg-session/app.js",
    "start": 1650456474874,
    "end": 1650456474880,
    "duration": 6,
    "pid": 16728,
    "index": 52
  },
  {
    "name": "Require(43) node_modules/egg-security/app.js",
    "start": 1650456474880,
    "end": 1650456474886,
    "duration": 6,
    "pid": 16728,
    "index": 53
  },
  {
    "name": "Require(44) node_modules/egg-onerror/app.js",
    "start": 1650456474887,
    "end": 1650456474945,
    "duration": 58,
    "pid": 16728,
    "index": 54
  },
  {
    "name": "Require(45) node_modules/egg-i18n/app.js",
    "start": 1650456474945,
    "end": 1650456475038,
    "duration": 93,
    "pid": 16728,
    "index": 55
  },
  {
    "name": "Require(46) node_modules/egg-watcher/app.js",
    "start": 1650456475039,
    "end": 1650456475047,
    "duration": 8,
    "pid": 16728,
    "index": 56
  },
  {
    "name": "Require(47) node_modules/egg-schedule/app.js",
    "start": 1650456475048,
    "end": 1650456475055,
    "duration": 7,
    "pid": 16728,
    "index": 57
  },
  {
    "name": "Require(48) node_modules/egg-multipart/app.js",
    "start": 1650456475055,
    "end": 1650456475062,
    "duration": 7,
    "pid": 16728,
    "index": 58
  },
  {
    "name": "Require(49) node_modules/egg-development/app.js",
    "start": 1650456475062,
    "end": 1650456475067,
    "duration": 5,
    "pid": 16728,
    "index": 59
  },
  {
    "name": "Require(50) node_modules/egg-logrotator/app.js",
    "start": 1650456475067,
    "end": 1650456475074,
    "duration": 7,
    "pid": 16728,
    "index": 60
  },
  {
    "name": "Require(51) node_modules/egg-static/app.js",
    "start": 1650456475074,
    "end": 1650456475078,
    "duration": 4,
    "pid": 16728,
    "index": 61
  },
  {
    "name": "Require(52) node_modules/egg-cors/app.js",
    "start": 1650456475079,
    "end": 1650456475084,
    "duration": 5,
    "pid": 16728,
    "index": 62
  },
  {
    "name": "Require(53) node_modules/egg-mysql/app.js",
    "start": 1650456475085,
    "end": 1650456475113,
    "duration": 28,
    "pid": 16728,
    "index": 63
  },
  {
    "name": "Require(54) node_modules/egg-view-nunjucks/app.js",
    "start": 1650456475114,
    "end": 1650456475120,
    "duration": 6,
    "pid": 16728,
    "index": 64
  },
  {
    "name": "Require(55) node_modules/egg-jwt/app.js",
    "start": 1650456475120,
    "end": 1650456475125,
    "duration": 5,
    "pid": 16728,
    "index": 65
  },
  {
    "name": "Before Start in node_modules/egg-watcher/lib/init.js:15:14",
    "start": 1650456475153,
    "end": 1650456476194,
    "duration": 1041,
    "pid": 16728,
    "index": 66
  },
  {
    "name": "Before Start in node_modules/egg-mysql/lib/mysql.js:20:7",
    "start": 1650456475243,
    "end": 1650456476358,
    "duration": 1115,
    "pid": 16728,
    "index": 67
  },
  {
    "name": "Load Service",
    "start": 1650456475255,
    "end": 1650456475264,
    "duration": 9,
    "pid": 16728,
    "index": 68
  },
  {
    "name": "Load \"service\" to Context",
    "start": 1650456475256,
    "end": 1650456475264,
    "duration": 8,
    "pid": 16728,
    "index": 69
  },
  {
    "name": "Load Middleware",
    "start": 1650456475264,
    "end": 1650456476006,
    "duration": 742,
    "pid": 16728,
    "index": 70
  },
  {
    "name": "Load \"middlewares\" to Application",
    "start": 1650456475264,
    "end": 1650456475987,
    "duration": 723,
    "pid": 16728,
    "index": 71
  },
  {
    "name": "Load Controller",
    "start": 1650456476006,
    "end": 1650456476173,
    "duration": 167,
    "pid": 16728,
    "index": 72
  },
  {
    "name": "Load \"controller\" to Application",
    "start": 1650456476006,
    "end": 1650456476173,
    "duration": 167,
    "pid": 16728,
    "index": 73
  },
  {
    "name": "Load Router",
    "start": 1650456476173,
    "end": 1650456476176,
    "duration": 3,
    "pid": 16728,
    "index": 74
  },
  {
    "name": "Require(56) app/router.js",
    "start": 1650456476174,
    "end": 1650456476174,
    "duration": 0,
    "pid": 16728,
    "index": 75
  },
  {
    "name": "Before Start in node_modules/egg-core/lib/egg.js:303:10",
    "start": 1650456476175,
    "end": 1650456476185,
    "duration": 10,
    "pid": 16728,
    "index": 76
  }
]