[
  {
    "name": "Process Start",
    "start": 1650457485863,
    "end": 1650457487003,
    "duration": 1140,
    "pid": 7084,
    "index": 0
  },
  {
    "name": "Application Start",
    "start": 1650457487003,
    "end": 1650457487732,
    "duration": 729,
    "pid": 7084,
    "index": 1
  },
  {
    "name": "Load Plugin",
    "start": 1650457487007,
    "end": 1650457487030,
    "duration": 23,
    "pid": 7084,
    "index": 2
  },
  {
    "name": "Load Config",
    "start": 1650457487030,
    "end": 1650457487058,
    "duration": 28,
    "pid": 7084,
    "index": 3
  },
  {
    "name": "Require(0) config/config.default.js",
    "start": 1650457487030,
    "end": 1650457487031,
    "duration": 1,
    "pid": 7084,
    "index": 4
  },
  {
    "name": "Require(1) node_modules/egg-session/config/config.default.js",
    "start": 1650457487032,
    "end": 1650457487033,
    "duration": 1,
    "pid": 7084,
    "index": 5
  },
  {
    "name": "Require(2) node_modules/egg-security/config/config.default.js",
    "start": 1650457487033,
    "end": 1650457487034,
    "duration": 1,
    "pid": 7084,
    "index": 6
  },
  {
    "name": "Require(3) node_modules/egg-jsonp/config/config.default.js",
    "start": 1650457487034,
    "end": 1650457487035,
    "duration": 1,
    "pid": 7084,
    "index": 7
  },
  {
    "name": "Require(4) node_modules/egg-onerror/config/config.default.js",
    "start": 1650457487035,
    "end": 1650457487036,
    "duration": 1,
    "pid": 7084,
    "index": 8
  },
  {
    "name": "Require(5) node_modules/egg-i18n/config/config.default.js",
    "start": 1650457487036,
    "end": 1650457487037,
    "duration": 1,
    "pid": 7084,
    "index": 9
  },
  {
    "name": "Require(6) node_modules/egg-watcher/config/config.default.js",
    "start": 1650457487038,
    "end": 1650457487038,
    "duration": 0,
    "pid": 7084,
    "index": 10
  },
  {
    "name": "Require(7) node_modules/egg-schedule/config/config.default.js",
    "start": 1650457487038,
    "end": 1650457487039,
    "duration": 1,
    "pid": 7084,
    "index": 11
  },
  {
    "name": "Require(8) node_modules/egg-multipart/config/config.default.js",
    "start": 1650457487039,
    "end": 1650457487040,
    "duration": 1,
    "pid": 7084,
    "index": 12
  },
  {
    "name": "Require(9) node_modules/egg-development/config/config.default.js",
    "start": 1650457487041,
    "end": 1650457487041,
    "duration": 0,
    "pid": 7084,
    "index": 13
  },
  {
    "name": "Require(10) node_modules/egg-logrotator/config/config.default.js",
    "start": 1650457487042,
    "end": 1650457487042,
    "duration": 0,
    "pid": 7084,
    "index": 14
  },
  {
    "name": "Require(11) node_modules/egg-static/config/config.default.js",
    "start": 1650457487043,
    "end": 1650457487043,
    "duration": 0,
    "pid": 7084,
    "index": 15
  },
  {
    "name": "Require(12) node_modules/egg-view/config/config.default.js",
    "start": 1650457487044,
    "end": 1650457487044,
    "duration": 0,
    "pid": 7084,
    "index": 16
  },
  {
    "name": "Require(13) node_modules/egg-cors/config/config.default.js",
    "start": 1650457487045,
    "end": 1650457487045,
    "duration": 0,
    "pid": 7084,
    "index": 17
  },
  {
    "name": "Require(14) node_modules/egg-mysql/config/config.default.js",
    "start": 1650457487046,
    "end": 1650457487046,
    "duration": 0,
    "pid": 7084,
    "index": 18
  },
  {
    "name": "Require(15) node_modules/egg-view-nunjucks/config/config.default.js",
    "start": 1650457487047,
    "end": 1650457487047,
    "duration": 0,
    "pid": 7084,
    "index": 19
  },
  {
    "name": "Require(16) node_modules/egg-jwt/config/config.default.js",
    "start": 1650457487048,
    "end": 1650457487049,
    "duration": 1,
    "pid": 7084,
    "index": 20
  },
  {
    "name": "Require(17) node_modules/egg/config/config.default.js",
    "start": 1650457487050,
    "end": 1650457487050,
    "duration": 0,
    "pid": 7084,
    "index": 21
  },
  {
    "name": "Require(18) config/config.default.js",
    "start": 1650457487051,
    "end": 1650457487051,
    "duration": 0,
    "pid": 7084,
    "index": 22
  },
  {
    "name": "Require(19) node_modules/egg-security/config/config.local.js",
    "start": 1650457487052,
    "end": 1650457487052,
    "duration": 0,
    "pid": 7084,
    "index": 23
  },
  {
    "name": "Require(20) node_modules/egg-watcher/config/config.local.js",
    "start": 1650457487053,
    "end": 1650457487053,
    "duration": 0,
    "pid": 7084,
    "index": 24
  },
  {
    "name": "Require(21) node_modules/egg-view/config/config.local.js",
    "start": 1650457487055,
    "end": 1650457487056,
    "duration": 1,
    "pid": 7084,
    "index": 25
  },
  {
    "name": "Require(22) node_modules/egg-view-nunjucks/config/config.local.js",
    "start": 1650457487057,
    "end": 1650457487057,
    "duration": 0,
    "pid": 7084,
    "index": 26
  },
  {
    "name": "Require(23) node_modules/egg/config/config.local.js",
    "start": 1650457487058,
    "end": 1650457487058,
    "duration": 0,
    "pid": 7084,
    "index": 27
  },
  {
    "name": "Load extend/application.js",
    "start": 1650457487059,
    "end": 1650457487151,
    "duration": 92,
    "pid": 7084,
    "index": 28
  },
  {
    "name": "Require(24) node_modules/egg-session/app/extend/application.js",
    "start": 1650457487060,
    "end": 1650457487061,
    "duration": 1,
    "pid": 7084,
    "index": 29
  },
  {
    "name": "Require(25) node_modules/egg-security/app/extend/application.js",
    "start": 1650457487061,
    "end": 1650457487063,
    "duration": 2,
    "pid": 7084,
    "index": 30
  },
  {
    "name": "Require(26) node_modules/egg-jsonp/app/extend/application.js",
    "start": 1650457487064,
    "end": 1650457487065,
    "duration": 1,
    "pid": 7084,
    "index": 31
  },
  {
    "name": "Require(27) node_modules/egg-logrotator/app/extend/application.js",
    "start": 1650457487067,
    "end": 1650457487068,
    "duration": 1,
    "pid": 7084,
    "index": 32
  },
  {
    "name": "Require(28) node_modules/egg-view/app/extend/application.js",
    "start": 1650457487069,
    "end": 1650457487071,
    "duration": 2,
    "pid": 7084,
    "index": 33
  },
  {
    "name": "Require(29) node_modules/egg-view-nunjucks/app/extend/application.js",
    "start": 1650457487072,
    "end": 1650457487099,
    "duration": 27,
    "pid": 7084,
    "index": 34
  },
  {
    "name": "Require(30) node_modules/egg-jwt/app/extend/application.js",
    "start": 1650457487100,
    "end": 1650457487146,
    "duration": 46,
    "pid": 7084,
    "index": 35
  },
  {
    "name": "Load extend/request.js",
    "start": 1650457487151,
    "end": 1650457487159,
    "duration": 8,
    "pid": 7084,
    "index": 36
  },
  {
    "name": "Require(31) node_modules/egg/app/extend/request.js",
    "start": 1650457487154,
    "end": 1650457487155,
    "duration": 1,
    "pid": 7084,
    "index": 37
  },
  {
    "name": "Load extend/response.js",
    "start": 1650457487159,
    "end": 1650457487168,
    "duration": 9,
    "pid": 7084,
    "index": 38
  },
  {
    "name": "Require(32) node_modules/egg/app/extend/response.js",
    "start": 1650457487162,
    "end": 1650457487164,
    "duration": 2,
    "pid": 7084,
    "index": 39
  },
  {
    "name": "Load extend/context.js",
    "start": 1650457487168,
    "end": 1650457487237,
    "duration": 69,
    "pid": 7084,
    "index": 40
  },
  {
    "name": "Require(33) node_modules/egg-security/app/extend/context.js",
    "start": 1650457487168,
    "end": 1650457487179,
    "duration": 11,
    "pid": 7084,
    "index": 41
  },
  {
    "name": "Require(34) node_modules/egg-jsonp/app/extend/context.js",
    "start": 1650457487179,
    "end": 1650457487181,
    "duration": 2,
    "pid": 7084,
    "index": 42
  },
  {
    "name": "Require(35) node_modules/egg-i18n/app/extend/context.js",
    "start": 1650457487182,
    "end": 1650457487182,
    "duration": 0,
    "pid": 7084,
    "index": 43
  },
  {
    "name": "Require(36) node_modules/egg-multipart/app/extend/context.js",
    "start": 1650457487183,
    "end": 1650457487229,
    "duration": 46,
    "pid": 7084,
    "index": 44
  },
  {
    "name": "Require(37) node_modules/egg-view/app/extend/context.js",
    "start": 1650457487230,
    "end": 1650457487231,
    "duration": 1,
    "pid": 7084,
    "index": 45
  },
  {
    "name": "Require(38) node_modules/egg/app/extend/context.js",
    "start": 1650457487232,
    "end": 1650457487233,
    "duration": 1,
    "pid": 7084,
    "index": 46
  },
  {
    "name": "Load extend/helper.js",
    "start": 1650457487237,
    "end": 1650457487262,
    "duration": 25,
    "pid": 7084,
    "index": 47
  },
  {
    "name": "Require(39) node_modules/egg-security/app/extend/helper.js",
    "start": 1650457487237,
    "end": 1650457487254,
    "duration": 17,
    "pid": 7084,
    "index": 48
  },
  {
    "name": "Require(40) node_modules/egg/app/extend/helper.js",
    "start": 1650457487257,
    "end": 1650457487257,
    "duration": 0,
    "pid": 7084,
    "index": 49
  },
  {
    "name": "Require(41) app/extend/helper.js",
    "start": 1650457487258,
    "end": 1650457487258,
    "duration": 0,
    "pid": 7084,
    "index": 50
  },
  {
    "name": "Load app.js",
    "start": 1650457487262,
    "end": 1650457487320,
    "duration": 58,
    "pid": 7084,
    "index": 51
  },
  {
    "name": "Require(42) node_modules/egg-session/app.js",
    "start": 1650457487262,
    "end": 1650457487263,
    "duration": 1,
    "pid": 7084,
    "index": 52
  },
  {
    "name": "Require(43) node_modules/egg-security/app.js",
    "start": 1650457487263,
    "end": 1650457487264,
    "duration": 1,
    "pid": 7084,
    "index": 53
  },
  {
    "name": "Require(44) node_modules/egg-onerror/app.js",
    "start": 1650457487265,
    "end": 1650457487273,
    "duration": 8,
    "pid": 7084,
    "index": 54
  },
  {
    "name": "Require(45) node_modules/egg-i18n/app.js",
    "start": 1650457487273,
    "end": 1650457487289,
    "duration": 16,
    "pid": 7084,
    "index": 55
  },
  {
    "name": "Require(46) node_modules/egg-watcher/app.js",
    "start": 1650457487289,
    "end": 1650457487293,
    "duration": 4,
    "pid": 7084,
    "index": 56
  },
  {
    "name": "Require(47) node_modules/egg-schedule/app.js",
    "start": 1650457487293,
    "end": 1650457487294,
    "duration": 1,
    "pid": 7084,
    "index": 57
  },
  {
    "name": "Require(48) node_modules/egg-multipart/app.js",
    "start": 1650457487295,
    "end": 1650457487295,
    "duration": 0,
    "pid": 7084,
    "index": 58
  },
  {
    "name": "Require(49) node_modules/egg-development/app.js",
    "start": 1650457487296,
    "end": 1650457487296,
    "duration": 0,
    "pid": 7084,
    "index": 59
  },
  {
    "name": "Require(50) node_modules/egg-logrotator/app.js",
    "start": 1650457487296,
    "end": 1650457487297,
    "duration": 1,
    "pid": 7084,
    "index": 60
  },
  {
    "name": "Require(51) node_modules/egg-static/app.js",
    "start": 1650457487297,
    "end": 1650457487297,
    "duration": 0,
    "pid": 7084,
    "index": 61
  },
  {
    "name": "Require(52) node_modules/egg-cors/app.js",
    "start": 1650457487298,
    "end": 1650457487298,
    "duration": 0,
    "pid": 7084,
    "index": 62
  },
  {
    "name": "Require(53) node_modules/egg-mysql/app.js",
    "start": 1650457487299,
    "end": 1650457487317,
    "duration": 18,
    "pid": 7084,
    "index": 63
  },
  {
    "name": "Require(54) node_modules/egg-view-nunjucks/app.js",
    "start": 1650457487318,
    "end": 1650457487318,
    "duration": 0,
    "pid": 7084,
    "index": 64
  },
  {
    "name": "Require(55) node_modules/egg-jwt/app.js",
    "start": 1650457487319,
    "end": 1650457487319,
    "duration": 0,
    "pid": 7084,
    "index": 65
  },
  {
    "name": "Before Start in node_modules/egg-watcher/lib/init.js:15:14",
    "start": 1650457487327,
    "end": 1650457487579,
    "duration": 252,
    "pid": 7084,
    "index": 66
  },
  {
    "name": "Before Start in node_modules/egg-mysql/lib/mysql.js:20:7",
    "start": 1650457487413,
    "end": 1650457487732,
    "duration": 319,
    "pid": 7084,
    "index": 67
  },
  {
    "name": "Load Service",
    "start": 1650457487415,
    "end": 1650457487422,
    "duration": 7,
    "pid": 7084,
    "index": 68
  },
  {
    "name": "Load \"service\" to Context",
    "start": 1650457487415,
    "end": 1650457487422,
    "duration": 7,
    "pid": 7084,
    "index": 69
  },
  {
    "name": "Load Middleware",
    "start": 1650457487423,
    "end": 1650457487544,
    "duration": 121,
    "pid": 7084,
    "index": 70
  },
  {
    "name": "Load \"middlewares\" to Application",
    "start": 1650457487423,
    "end": 1650457487533,
    "duration": 110,
    "pid": 7084,
    "index": 71
  },
  {
    "name": "Load Controller",
    "start": 1650457487544,
    "end": 1650457487562,
    "duration": 18,
    "pid": 7084,
    "index": 72
  },
  {
    "name": "Load \"controller\" to Application",
    "start": 1650457487544,
    "end": 1650457487562,
    "duration": 18,
    "pid": 7084,
    "index": 73
  },
  {
    "name": "Load Router",
    "start": 1650457487562,
    "end": 1650457487564,
    "duration": 2,
    "pid": 7084,
    "index": 74
  },
  {
    "name": "Require(56) app/router.js",
    "start": 1650457487562,
    "end": 1650457487563,
    "duration": 1,
    "pid": 7084,
    "index": 75
  },
  {
    "name": "Before Start in node_modules/egg-core/lib/egg.js:303:10",
    "start": 1650457487563,
    "end": 1650457487572,
    "duration": 9,
    "pid": 7084,
    "index": 76
  }
]