[
  {
    "name": "Process Start",
    "start": 1650456527249,
    "end": 1650456528454,
    "duration": 1205,
    "pid": 25948,
    "index": 0
  },
  {
    "name": "Application Start",
    "start": 1650456528454,
    "end": 1650456529191,
    "duration": 737,
    "pid": 25948,
    "index": 1
  },
  {
    "name": "Load Plugin",
    "start": 1650456528458,
    "end": 1650456528480,
    "duration": 22,
    "pid": 25948,
    "index": 2
  },
  {
    "name": "Load Config",
    "start": 1650456528480,
    "end": 1650456528513,
    "duration": 33,
    "pid": 25948,
    "index": 3
  },
  {
    "name": "Require(0) config/config.default.js",
    "start": 1650456528481,
    "end": 1650456528481,
    "duration": 0,
    "pid": 25948,
    "index": 4
  },
  {
    "name": "Require(1) node_modules/egg-session/config/config.default.js",
    "start": 1650456528483,
    "end": 1650456528483,
    "duration": 0,
    "pid": 25948,
    "index": 5
  },
  {
    "name": "Require(2) node_modules/egg-security/config/config.default.js",
    "start": 1650456528485,
    "end": 1650456528485,
    "duration": 0,
    "pid": 25948,
    "index": 6
  },
  {
    "name": "Require(3) node_modules/egg-jsonp/config/config.default.js",
    "start": 1650456528486,
    "end": 1650456528487,
    "duration": 1,
    "pid": 25948,
    "index": 7
  },
  {
    "name": "Require(4) node_modules/egg-onerror/config/config.default.js",
    "start": 1650456528487,
    "end": 1650456528488,
    "duration": 1,
    "pid": 25948,
    "index": 8
  },
  {
    "name": "Require(5) node_modules/egg-i18n/config/config.default.js",
    "start": 1650456528488,
    "end": 1650456528489,
    "duration": 1,
    "pid": 25948,
    "index": 9
  },
  {
    "name": "Require(6) node_modules/egg-watcher/config/config.default.js",
    "start": 1650456528489,
    "end": 1650456528490,
    "duration": 1,
    "pid": 25948,
    "index": 10
  },
  {
    "name": "Require(7) node_modules/egg-schedule/config/config.default.js",
    "start": 1650456528491,
    "end": 1650456528491,
    "duration": 0,
    "pid": 25948,
    "index": 11
  },
  {
    "name": "Require(8) node_modules/egg-multipart/config/config.default.js",
    "start": 1650456528492,
    "end": 1650456528492,
    "duration": 0,
    "pid": 25948,
    "index": 12
  },
  {
    "name": "Require(9) node_modules/egg-development/config/config.default.js",
    "start": 1650456528493,
    "end": 1650456528493,
    "duration": 0,
    "pid": 25948,
    "index": 13
  },
  {
    "name": "Require(10) node_modules/egg-logrotator/config/config.default.js",
    "start": 1650456528494,
    "end": 1650456528494,
    "duration": 0,
    "pid": 25948,
    "index": 14
  },
  {
    "name": "Require(11) node_modules/egg-static/config/config.default.js",
    "start": 1650456528495,
    "end": 1650456528495,
    "duration": 0,
    "pid": 25948,
    "index": 15
  },
  {
    "name": "Require(12) node_modules/egg-view/config/config.default.js",
    "start": 1650456528496,
    "end": 1650456528496,
    "duration": 0,
    "pid": 25948,
    "index": 16
  },
  {
    "name": "Require(13) node_modules/egg-cors/config/config.default.js",
    "start": 1650456528497,
    "end": 1650456528498,
    "duration": 1,
    "pid": 25948,
    "index": 17
  },
  {
    "name": "Require(14) node_modules/egg-mysql/config/config.default.js",
    "start": 1650456528498,
    "end": 1650456528499,
    "duration": 1,
    "pid": 25948,
    "index": 18
  },
  {
    "name": "Require(15) node_modules/egg-view-nunjucks/config/config.default.js",
    "start": 1650456528499,
    "end": 1650456528500,
    "duration": 1,
    "pid": 25948,
    "index": 19
  },
  {
    "name": "Require(16) node_modules/egg-jwt/config/config.default.js",
    "start": 1650456528501,
    "end": 1650456528503,
    "duration": 2,
    "pid": 25948,
    "index": 20
  },
  {
    "name": "Require(17) node_modules/egg/config/config.default.js",
    "start": 1650456528504,
    "end": 1650456528505,
    "duration": 1,
    "pid": 25948,
    "index": 21
  },
  {
    "name": "Require(18) config/config.default.js",
    "start": 1650456528506,
    "end": 1650456528506,
    "duration": 0,
    "pid": 25948,
    "index": 22
  },
  {
    "name": "Require(19) node_modules/egg-security/config/config.local.js",
    "start": 1650456528507,
    "end": 1650456528507,
    "duration": 0,
    "pid": 25948,
    "index": 23
  },
  {
    "name": "Require(20) node_modules/egg-watcher/config/config.local.js",
    "start": 1650456528508,
    "end": 1650456528508,
    "duration": 0,
    "pid": 25948,
    "index": 24
  },
  {
    "name": "Require(21) node_modules/egg-view/config/config.local.js",
    "start": 1650456528510,
    "end": 1650456528510,
    "duration": 0,
    "pid": 25948,
    "index": 25
  },
  {
    "name": "Require(22) node_modules/egg-view-nunjucks/config/config.local.js",
    "start": 1650456528511,
    "end": 1650456528512,
    "duration": 1,
    "pid": 25948,
    "index": 26
  },
  {
    "name": "Require(23) node_modules/egg/config/config.local.js",
    "start": 1650456528513,
    "end": 1650456528513,
    "duration": 0,
    "pid": 25948,
    "index": 27
  },
  {
    "name": "Load extend/application.js",
    "start": 1650456528514,
    "end": 1650456528597,
    "duration": 83,
    "pid": 25948,
    "index": 28
  },
  {
    "name": "Require(24) node_modules/egg-session/app/extend/application.js",
    "start": 1650456528514,
    "end": 1650456528515,
    "duration": 1,
    "pid": 25948,
    "index": 29
  },
  {
    "name": "Require(25) node_modules/egg-security/app/extend/application.js",
    "start": 1650456528515,
    "end": 1650456528517,
    "duration": 2,
    "pid": 25948,
    "index": 30
  },
  {
    "name": "Require(26) node_modules/egg-jsonp/app/extend/application.js",
    "start": 1650456528517,
    "end": 1650456528519,
    "duration": 2,
    "pid": 25948,
    "index": 31
  },
  {
    "name": "Require(27) node_modules/egg-logrotator/app/extend/application.js",
    "start": 1650456528521,
    "end": 1650456528522,
    "duration": 1,
    "pid": 25948,
    "index": 32
  },
  {
    "name": "Require(28) node_modules/egg-view/app/extend/application.js",
    "start": 1650456528523,
    "end": 1650456528524,
    "duration": 1,
    "pid": 25948,
    "index": 33
  },
  {
    "name": "Require(29) node_modules/egg-view-nunjucks/app/extend/application.js",
    "start": 1650456528525,
    "end": 1650456528551,
    "duration": 26,
    "pid": 25948,
    "index": 34
  },
  {
    "name": "Require(30) node_modules/egg-jwt/app/extend/application.js",
    "start": 1650456528552,
    "end": 1650456528593,
    "duration": 41,
    "pid": 25948,
    "index": 35
  },
  {
    "name": "Load extend/request.js",
    "start": 1650456528597,
    "end": 1650456528605,
    "duration": 8,
    "pid": 25948,
    "index": 36
  },
  {
    "name": "Require(31) node_modules/egg/app/extend/request.js",
    "start": 1650456528601,
    "end": 1650456528602,
    "duration": 1,
    "pid": 25948,
    "index": 37
  },
  {
    "name": "Load extend/response.js",
    "start": 1650456528605,
    "end": 1650456528614,
    "duration": 9,
    "pid": 25948,
    "index": 38
  },
  {
    "name": "Require(32) node_modules/egg/app/extend/response.js",
    "start": 1650456528608,
    "end": 1650456528610,
    "duration": 2,
    "pid": 25948,
    "index": 39
  },
  {
    "name": "Load extend/context.js",
    "start": 1650456528614,
    "end": 1650456528685,
    "duration": 71,
    "pid": 25948,
    "index": 40
  },
  {
    "name": "Require(33) node_modules/egg-security/app/extend/context.js",
    "start": 1650456528615,
    "end": 1650456528626,
    "duration": 11,
    "pid": 25948,
    "index": 41
  },
  {
    "name": "Require(34) node_modules/egg-jsonp/app/extend/context.js",
    "start": 1650456528626,
    "end": 1650456528628,
    "duration": 2,
    "pid": 25948,
    "index": 42
  },
  {
    "name": "Require(35) node_modules/egg-i18n/app/extend/context.js",
    "start": 1650456528629,
    "end": 1650456528629,
    "duration": 0,
    "pid": 25948,
    "index": 43
  },
  {
    "name": "Require(36) node_modules/egg-multipart/app/extend/context.js",
    "start": 1650456528630,
    "end": 1650456528678,
    "duration": 48,
    "pid": 25948,
    "index": 44
  },
  {
    "name": "Require(37) node_modules/egg-view/app/extend/context.js",
    "start": 1650456528679,
    "end": 1650456528680,
    "duration": 1,
    "pid": 25948,
    "index": 45
  },
  {
    "name": "Require(38) node_modules/egg/app/extend/context.js",
    "start": 1650456528681,
    "end": 1650456528682,
    "duration": 1,
    "pid": 25948,
    "index": 46
  },
  {
    "name": "Load extend/helper.js",
    "start": 1650456528685,
    "end": 1650456528711,
    "duration": 26,
    "pid": 25948,
    "index": 47
  },
  {
    "name": "Require(39) node_modules/egg-security/app/extend/helper.js",
    "start": 1650456528686,
    "end": 1650456528703,
    "duration": 17,
    "pid": 25948,
    "index": 48
  },
  {
    "name": "Require(40) node_modules/egg/app/extend/helper.js",
    "start": 1650456528707,
    "end": 1650456528707,
    "duration": 0,
    "pid": 25948,
    "index": 49
  },
  {
    "name": "Require(41) app/extend/helper.js",
    "start": 1650456528707,
    "end": 1650456528708,
    "duration": 1,
    "pid": 25948,
    "index": 50
  },
  {
    "name": "Load app.js",
    "start": 1650456528712,
    "end": 1650456528775,
    "duration": 63,
    "pid": 25948,
    "index": 51
  },
  {
    "name": "Require(42) node_modules/egg-session/app.js",
    "start": 1650456528712,
    "end": 1650456528713,
    "duration": 1,
    "pid": 25948,
    "index": 52
  },
  {
    "name": "Require(43) node_modules/egg-security/app.js",
    "start": 1650456528713,
    "end": 1650456528715,
    "duration": 2,
    "pid": 25948,
    "index": 53
  },
  {
    "name": "Require(44) node_modules/egg-onerror/app.js",
    "start": 1650456528716,
    "end": 1650456528724,
    "duration": 8,
    "pid": 25948,
    "index": 54
  },
  {
    "name": "Require(45) node_modules/egg-i18n/app.js",
    "start": 1650456528725,
    "end": 1650456528741,
    "duration": 16,
    "pid": 25948,
    "index": 55
  },
  {
    "name": "Require(46) node_modules/egg-watcher/app.js",
    "start": 1650456528742,
    "end": 1650456528746,
    "duration": 4,
    "pid": 25948,
    "index": 56
  },
  {
    "name": "Require(47) node_modules/egg-schedule/app.js",
    "start": 1650456528746,
    "end": 1650456528748,
    "duration": 2,
    "pid": 25948,
    "index": 57
  },
  {
    "name": "Require(48) node_modules/egg-multipart/app.js",
    "start": 1650456528748,
    "end": 1650456528749,
    "duration": 1,
    "pid": 25948,
    "index": 58
  },
  {
    "name": "Require(49) node_modules/egg-development/app.js",
    "start": 1650456528749,
    "end": 1650456528750,
    "duration": 1,
    "pid": 25948,
    "index": 59
  },
  {
    "name": "Require(50) node_modules/egg-logrotator/app.js",
    "start": 1650456528750,
    "end": 1650456528750,
    "duration": 0,
    "pid": 25948,
    "index": 60
  },
  {
    "name": "Require(51) node_modules/egg-static/app.js",
    "start": 1650456528751,
    "end": 1650456528751,
    "duration": 0,
    "pid": 25948,
    "index": 61
  },
  {
    "name": "Require(52) node_modules/egg-cors/app.js",
    "start": 1650456528752,
    "end": 1650456528752,
    "duration": 0,
    "pid": 25948,
    "index": 62
  },
  {
    "name": "Require(53) node_modules/egg-mysql/app.js",
    "start": 1650456528752,
    "end": 1650456528773,
    "duration": 21,
    "pid": 25948,
    "index": 63
  },
  {
    "name": "Require(54) node_modules/egg-view-nunjucks/app.js",
    "start": 1650456528774,
    "end": 1650456528774,
    "duration": 0,
    "pid": 25948,
    "index": 64
  },
  {
    "name": "Require(55) node_modules/egg-jwt/app.js",
    "start": 1650456528774,
    "end": 1650456528774,
    "duration": 0,
    "pid": 25948,
    "index": 65
  },
  {
    "name": "Before Start in node_modules/egg-watcher/lib/init.js:15:14",
    "start": 1650456528783,
    "end": 1650456529047,
    "duration": 264,
    "pid": 25948,
    "index": 66
  },
  {
    "name": "Before Start in node_modules/egg-mysql/lib/mysql.js:20:7",
    "start": 1650456528875,
    "end": 1650456529191,
    "duration": 316,
    "pid": 25948,
    "index": 67
  },
  {
    "name": "Load Service",
    "start": 1650456528876,
    "end": 1650456528884,
    "duration": 8,
    "pid": 25948,
    "index": 68
  },
  {
    "name": "Load \"service\" to Context",
    "start": 1650456528876,
    "end": 1650456528884,
    "duration": 8,
    "pid": 25948,
    "index": 69
  },
  {
    "name": "Load Middleware",
    "start": 1650456528884,
    "end": 1650456529012,
    "duration": 128,
    "pid": 25948,
    "index": 70
  },
  {
    "name": "Load \"middlewares\" to Application",
    "start": 1650456528884,
    "end": 1650456529000,
    "duration": 116,
    "pid": 25948,
    "index": 71
  },
  {
    "name": "Load Controller",
    "start": 1650456529012,
    "end": 1650456529030,
    "duration": 18,
    "pid": 25948,
    "index": 72
  },
  {
    "name": "Load \"controller\" to Application",
    "start": 1650456529012,
    "end": 1650456529030,
    "duration": 18,
    "pid": 25948,
    "index": 73
  },
  {
    "name": "Load Router",
    "start": 1650456529030,
    "end": 1650456529033,
    "duration": 3,
    "pid": 25948,
    "index": 74
  },
  {
    "name": "Require(56) app/router.js",
    "start": 1650456529031,
    "end": 1650456529031,
    "duration": 0,
    "pid": 25948,
    "index": 75
  },
  {
    "name": "Before Start in node_modules/egg-core/lib/egg.js:303:10",
    "start": 1650456529031,
    "end": 1650456529041,
    "duration": 10,
    "pid": 25948,
    "index": 76
  }
]