[
  {
    "name": "Process Start",
    "start": 1650457423483,
    "end": 1650457424694,
    "duration": 1211,
    "pid": 22856,
    "index": 0
  },
  {
    "name": "Application Start",
    "start": 1650457424695,
    "end": 1650457425408,
    "duration": 713,
    "pid": 22856,
    "index": 1
  },
  {
    "name": "Load Plugin",
    "start": 1650457424698,
    "end": 1650457424719,
    "duration": 21,
    "pid": 22856,
    "index": 2
  },
  {
    "name": "Load Config",
    "start": 1650457424719,
    "end": 1650457424748,
    "duration": 29,
    "pid": 22856,
    "index": 3
  },
  {
    "name": "Require(0) config/config.default.js",
    "start": 1650457424720,
    "end": 1650457424720,
    "duration": 0,
    "pid": 22856,
    "index": 4
  },
  {
    "name": "Require(1) node_modules/egg-session/config/config.default.js",
    "start": 1650457424722,
    "end": 1650457424722,
    "duration": 0,
    "pid": 22856,
    "index": 5
  },
  {
    "name": "Require(2) node_modules/egg-security/config/config.default.js",
    "start": 1650457424723,
    "end": 1650457424723,
    "duration": 0,
    "pid": 22856,
    "index": 6
  },
  {
    "name": "Require(3) node_modules/egg-jsonp/config/config.default.js",
    "start": 1650457424724,
    "end": 1650457424725,
    "duration": 1,
    "pid": 22856,
    "index": 7
  },
  {
    "name": "Require(4) node_modules/egg-onerror/config/config.default.js",
    "start": 1650457424725,
    "end": 1650457424726,
    "duration": 1,
    "pid": 22856,
    "index": 8
  },
  {
    "name": "Require(5) node_modules/egg-i18n/config/config.default.js",
    "start": 1650457424726,
    "end": 1650457424727,
    "duration": 1,
    "pid": 22856,
    "index": 9
  },
  {
    "name": "Require(6) node_modules/egg-watcher/config/config.default.js",
    "start": 1650457424728,
    "end": 1650457424728,
    "duration": 0,
    "pid": 22856,
    "index": 10
  },
  {
    "name": "Require(7) node_modules/egg-schedule/config/config.default.js",
    "start": 1650457424729,
    "end": 1650457424729,
    "duration": 0,
    "pid": 22856,
    "index": 11
  },
  {
    "name": "Require(8) node_modules/egg-multipart/config/config.default.js",
    "start": 1650457424730,
    "end": 1650457424730,
    "duration": 0,
    "pid": 22856,
    "index": 12
  },
  {
    "name": "Require(9) node_modules/egg-development/config/config.default.js",
    "start": 1650457424731,
    "end": 1650457424731,
    "duration": 0,
    "pid": 22856,
    "index": 13
  },
  {
    "name": "Require(10) node_modules/egg-logrotator/config/config.default.js",
    "start": 1650457424732,
    "end": 1650457424732,
    "duration": 0,
    "pid": 22856,
    "index": 14
  },
  {
    "name": "Require(11) node_modules/egg-static/config/config.default.js",
    "start": 1650457424733,
    "end": 1650457424733,
    "duration": 0,
    "pid": 22856,
    "index": 15
  },
  {
    "name": "Require(12) node_modules/egg-view/config/config.default.js",
    "start": 1650457424734,
    "end": 1650457424734,
    "duration": 0,
    "pid": 22856,
    "index": 16
  },
  {
    "name": "Require(13) node_modules/egg-cors/config/config.default.js",
    "start": 1650457424735,
    "end": 1650457424735,
    "duration": 0,
    "pid": 22856,
    "index": 17
  },
  {
    "name": "Require(14) node_modules/egg-mysql/config/config.default.js",
    "start": 1650457424736,
    "end": 1650457424736,
    "duration": 0,
    "pid": 22856,
    "index": 18
  },
  {
    "name": "Require(15) node_modules/egg-view-nunjucks/config/config.default.js",
    "start": 1650457424737,
    "end": 1650457424737,
    "duration": 0,
    "pid": 22856,
    "index": 19
  },
  {
    "name": "Require(16) node_modules/egg-jwt/config/config.default.js",
    "start": 1650457424738,
    "end": 1650457424739,
    "duration": 1,
    "pid": 22856,
    "index": 20
  },
  {
    "name": "Require(17) node_modules/egg/config/config.default.js",
    "start": 1650457424740,
    "end": 1650457424740,
    "duration": 0,
    "pid": 22856,
    "index": 21
  },
  {
    "name": "Require(18) config/config.default.js",
    "start": 1650457424741,
    "end": 1650457424741,
    "duration": 0,
    "pid": 22856,
    "index": 22
  },
  {
    "name": "Require(19) node_modules/egg-security/config/config.local.js",
    "start": 1650457424742,
    "end": 1650457424743,
    "duration": 1,
    "pid": 22856,
    "index": 23
  },
  {
    "name": "Require(20) node_modules/egg-watcher/config/config.local.js",
    "start": 1650457424744,
    "end": 1650457424744,
    "duration": 0,
    "pid": 22856,
    "index": 24
  },
  {
    "name": "Require(21) node_modules/egg-view/config/config.local.js",
    "start": 1650457424746,
    "end": 1650457424746,
    "duration": 0,
    "pid": 22856,
    "index": 25
  },
  {
    "name": "Require(22) node_modules/egg-view-nunjucks/config/config.local.js",
    "start": 1650457424747,
    "end": 1650457424747,
    "duration": 0,
    "pid": 22856,
    "index": 26
  },
  {
    "name": "Require(23) node_modules/egg/config/config.local.js",
    "start": 1650457424748,
    "end": 1650457424748,
    "duration": 0,
    "pid": 22856,
    "index": 27
  },
  {
    "name": "Load extend/application.js",
    "start": 1650457424749,
    "end": 1650457424829,
    "duration": 80,
    "pid": 22856,
    "index": 28
  },
  {
    "name": "Require(24) node_modules/egg-session/app/extend/application.js",
    "start": 1650457424749,
    "end": 1650457424750,
    "duration": 1,
    "pid": 22856,
    "index": 29
  },
  {
    "name": "Require(25) node_modules/egg-security/app/extend/application.js",
    "start": 1650457424750,
    "end": 1650457424752,
    "duration": 2,
    "pid": 22856,
    "index": 30
  },
  {
    "name": "Require(26) node_modules/egg-jsonp/app/extend/application.js",
    "start": 1650457424752,
    "end": 1650457424754,
    "duration": 2,
    "pid": 22856,
    "index": 31
  },
  {
    "name": "Require(27) node_modules/egg-logrotator/app/extend/application.js",
    "start": 1650457424756,
    "end": 1650457424757,
    "duration": 1,
    "pid": 22856,
    "index": 32
  },
  {
    "name": "Require(28) node_modules/egg-view/app/extend/application.js",
    "start": 1650457424758,
    "end": 1650457424759,
    "duration": 1,
    "pid": 22856,
    "index": 33
  },
  {
    "name": "Require(29) node_modules/egg-view-nunjucks/app/extend/application.js",
    "start": 1650457424760,
    "end": 1650457424785,
    "duration": 25,
    "pid": 22856,
    "index": 34
  },
  {
    "name": "Require(30) node_modules/egg-jwt/app/extend/application.js",
    "start": 1650457424786,
    "end": 1650457424826,
    "duration": 40,
    "pid": 22856,
    "index": 35
  },
  {
    "name": "Load extend/request.js",
    "start": 1650457424829,
    "end": 1650457424837,
    "duration": 8,
    "pid": 22856,
    "index": 36
  },
  {
    "name": "Require(31) node_modules/egg/app/extend/request.js",
    "start": 1650457424833,
    "end": 1650457424834,
    "duration": 1,
    "pid": 22856,
    "index": 37
  },
  {
    "name": "Load extend/response.js",
    "start": 1650457424837,
    "end": 1650457424847,
    "duration": 10,
    "pid": 22856,
    "index": 38
  },
  {
    "name": "Require(32) node_modules/egg/app/extend/response.js",
    "start": 1650457424840,
    "end": 1650457424842,
    "duration": 2,
    "pid": 22856,
    "index": 39
  },
  {
    "name": "Load extend/context.js",
    "start": 1650457424847,
    "end": 1650457424914,
    "duration": 67,
    "pid": 22856,
    "index": 40
  },
  {
    "name": "Require(33) node_modules/egg-security/app/extend/context.js",
    "start": 1650457424848,
    "end": 1650457424857,
    "duration": 9,
    "pid": 22856,
    "index": 41
  },
  {
    "name": "Require(34) node_modules/egg-jsonp/app/extend/context.js",
    "start": 1650457424858,
    "end": 1650457424859,
    "duration": 1,
    "pid": 22856,
    "index": 42
  },
  {
    "name": "Require(35) node_modules/egg-i18n/app/extend/context.js",
    "start": 1650457424860,
    "end": 1650457424860,
    "duration": 0,
    "pid": 22856,
    "index": 43
  },
  {
    "name": "Require(36) node_modules/egg-multipart/app/extend/context.js",
    "start": 1650457424861,
    "end": 1650457424906,
    "duration": 45,
    "pid": 22856,
    "index": 44
  },
  {
    "name": "Require(37) node_modules/egg-view/app/extend/context.js",
    "start": 1650457424907,
    "end": 1650457424908,
    "duration": 1,
    "pid": 22856,
    "index": 45
  },
  {
    "name": "Require(38) node_modules/egg/app/extend/context.js",
    "start": 1650457424910,
    "end": 1650457424910,
    "duration": 0,
    "pid": 22856,
    "index": 46
  },
  {
    "name": "Load extend/helper.js",
    "start": 1650457424914,
    "end": 1650457424939,
    "duration": 25,
    "pid": 22856,
    "index": 47
  },
  {
    "name": "Require(39) node_modules/egg-security/app/extend/helper.js",
    "start": 1650457424915,
    "end": 1650457424932,
    "duration": 17,
    "pid": 22856,
    "index": 48
  },
  {
    "name": "Require(40) node_modules/egg/app/extend/helper.js",
    "start": 1650457424935,
    "end": 1650457424935,
    "duration": 0,
    "pid": 22856,
    "index": 49
  },
  {
    "name": "Require(41) app/extend/helper.js",
    "start": 1650457424935,
    "end": 1650457424936,
    "duration": 1,
    "pid": 22856,
    "index": 50
  },
  {
    "name": "Load app.js",
    "start": 1650457424939,
    "end": 1650457424996,
    "duration": 57,
    "pid": 22856,
    "index": 51
  },
  {
    "name": "Require(42) node_modules/egg-session/app.js",
    "start": 1650457424940,
    "end": 1650457424940,
    "duration": 0,
    "pid": 22856,
    "index": 52
  },
  {
    "name": "Require(43) node_modules/egg-security/app.js",
    "start": 1650457424940,
    "end": 1650457424942,
    "duration": 2,
    "pid": 22856,
    "index": 53
  },
  {
    "name": "Require(44) node_modules/egg-onerror/app.js",
    "start": 1650457424943,
    "end": 1650457424950,
    "duration": 7,
    "pid": 22856,
    "index": 54
  },
  {
    "name": "Require(45) node_modules/egg-i18n/app.js",
    "start": 1650457424950,
    "end": 1650457424965,
    "duration": 15,
    "pid": 22856,
    "index": 55
  },
  {
    "name": "Require(46) node_modules/egg-watcher/app.js",
    "start": 1650457424965,
    "end": 1650457424969,
    "duration": 4,
    "pid": 22856,
    "index": 56
  },
  {
    "name": "Require(47) node_modules/egg-schedule/app.js",
    "start": 1650457424969,
    "end": 1650457424971,
    "duration": 2,
    "pid": 22856,
    "index": 57
  },
  {
    "name": "Require(48) node_modules/egg-multipart/app.js",
    "start": 1650457424971,
    "end": 1650457424971,
    "duration": 0,
    "pid": 22856,
    "index": 58
  },
  {
    "name": "Require(49) node_modules/egg-development/app.js",
    "start": 1650457424972,
    "end": 1650457424972,
    "duration": 0,
    "pid": 22856,
    "index": 59
  },
  {
    "name": "Require(50) node_modules/egg-logrotator/app.js",
    "start": 1650457424972,
    "end": 1650457424973,
    "duration": 1,
    "pid": 22856,
    "index": 60
  },
  {
    "name": "Require(51) node_modules/egg-static/app.js",
    "start": 1650457424973,
    "end": 1650457424973,
    "duration": 0,
    "pid": 22856,
    "index": 61
  },
  {
    "name": "Require(52) node_modules/egg-cors/app.js",
    "start": 1650457424974,
    "end": 1650457424974,
    "duration": 0,
    "pid": 22856,
    "index": 62
  },
  {
    "name": "Require(53) node_modules/egg-mysql/app.js",
    "start": 1650457424975,
    "end": 1650457424994,
    "duration": 19,
    "pid": 22856,
    "index": 63
  },
  {
    "name": "Require(54) node_modules/egg-view-nunjucks/app.js",
    "start": 1650457424994,
    "end": 1650457424994,
    "duration": 0,
    "pid": 22856,
    "index": 64
  },
  {
    "name": "Require(55) node_modules/egg-jwt/app.js",
    "start": 1650457424995,
    "end": 1650457424995,
    "duration": 0,
    "pid": 22856,
    "index": 65
  },
  {
    "name": "Before Start in node_modules/egg-watcher/lib/init.js:15:14",
    "start": 1650457425003,
    "end": 1650457425256,
    "duration": 253,
    "pid": 22856,
    "index": 66
  },
  {
    "name": "Before Start in node_modules/egg-mysql/lib/mysql.js:20:7",
    "start": 1650457425089,
    "end": 1650457425408,
    "duration": 319,
    "pid": 22856,
    "index": 67
  },
  {
    "name": "Load Service",
    "start": 1650457425090,
    "end": 1650457425097,
    "duration": 7,
    "pid": 22856,
    "index": 68
  },
  {
    "name": "Load \"service\" to Context",
    "start": 1650457425090,
    "end": 1650457425097,
    "duration": 7,
    "pid": 22856,
    "index": 69
  },
  {
    "name": "Load Middleware",
    "start": 1650457425097,
    "end": 1650457425223,
    "duration": 126,
    "pid": 22856,
    "index": 70
  },
  {
    "name": "Load \"middlewares\" to Application",
    "start": 1650457425098,
    "end": 1650457425211,
    "duration": 113,
    "pid": 22856,
    "index": 71
  },
  {
    "name": "Load Controller",
    "start": 1650457425223,
    "end": 1650457425240,
    "duration": 17,
    "pid": 22856,
    "index": 72
  },
  {
    "name": "Load \"controller\" to Application",
    "start": 1650457425223,
    "end": 1650457425240,
    "duration": 17,
    "pid": 22856,
    "index": 73
  },
  {
    "name": "Load Router",
    "start": 1650457425240,
    "end": 1650457425242,
    "duration": 2,
    "pid": 22856,
    "index": 74
  },
  {
    "name": "Require(56) app/router.js",
    "start": 1650457425240,
    "end": 1650457425241,
    "duration": 1,
    "pid": 22856,
    "index": 75
  },
  {
    "name": "Before Start in node_modules/egg-core/lib/egg.js:303:10",
    "start": 1650457425241,
    "end": 1650457425250,
    "duration": 9,
    "pid": 22856,
    "index": 76
  }
]